id,handle,title,old_len,new_len,old_desc,new_desc
9269970927866,durapatio-foldable-patio-furniture-2-set,Durapatio Foldable patio furniture 2 set,160,136,"Shop Durapatio Foldable patio furniture 2 set in the Home & Kitchen category. Quality construction, ","Shop Durapatio Foldable patio furniture 2 set in the Home & Kitchen category. Quality construction, reliable performance, fast shipping."
9269970960634,durapatio-foldable-patio-furniture-4-set,Durapatio Foldable patio furniture 4 set,160,136,"Shop Durapatio Foldable patio furniture 4 set in the Home & Kitchen category. Quality construction, ","Shop Durapatio Foldable patio furniture 4 set in the Home & Kitchen category. Quality construction, reliable performance, fast shipping."
9269970993402,durapatio-heavyduty-patio-furniture-4-set,Durapatio Heavyduty patio furniture 4 set,160,137,"Shop Durapatio Heavyduty patio furniture 4 set in the Home & Kitchen category. Quality construction,","Shop Durapatio Heavyduty patio furniture 4 set in the Home & Kitchen category. Quality construction, reliable performance, fast shipping."
9269971026170,durapatio-heavyduty-patio-furniture-2-set,Durapatio Heavyduty patio furniture 2 set,160,137,"Shop Durapatio Heavyduty patio furniture 2 set in the Home & Kitchen category. Quality construction,","Shop Durapatio Heavyduty patio furniture 2 set in the Home & Kitchen category. Quality construction, reliable performance, fast shipping."
9269971353850,against-the-odds-samsung-galaxy-s9-case,Against the Odds - Samsung Galaxy S9 Case,160,137,"Shop Against the Odds - Samsung Galaxy S9 Case in the Home & Kitchen category. Quality construction,","Shop Against the Odds - Samsung Galaxy S9 Case in the Home & Kitchen category. Quality construction, reliable performance, fast shipping."
9269971386618,against-the-odds-samsung-galaxy-tab-s10-ultra-case,Against the Odds - Samsung Galaxy Tab S10 Ultra Case,160,148,Shop Against the Odds - Samsung Galaxy Tab S10 Ultra Case in the Home & Kitchen category. Quality co,"Shop Against the Odds - Samsung Galaxy Tab S10 Ultra Case in the Home & Kitchen category. Quality construction, reliable performance, fast shipping."
9269971419386,against-the-odds-samsung-galaxy-tab-s10-plus-case,Against the Odds - Samsung Galaxy Tab S10+ Case,160,143,Shop Against the Odds - Samsung Galaxy Tab S10+ Case in the Home & Kitchen category. Quality constru,"Shop Against the Odds - Samsung Galaxy Tab S10+ Case in the Home & Kitchen category. Quality construction, reliable performance, fast shipping."
9269971452154,against-the-odds-samsung-galaxy-s9-plus-case,Against the Odds - Samsung Galaxy S9 Plus Case,160,142,Shop Against the Odds - Samsung Galaxy S9 Plus Case in the Home & Kitchen category. Quality construc,"Shop Against the Odds - Samsung Galaxy S9 Plus Case in the Home & Kitchen category. Quality construction, reliable performance, fast shipping."
9269971484922,against-the-odds-samsung-galaxy-tab-s10-fe-case,Against the Odds - Samsung Galaxy Tab S10 FE Case,160,145,Shop Against the Odds - Samsung Galaxy Tab S10 FE Case in the Home & Kitchen category. Quality const,"Shop Against the Odds - Samsung Galaxy Tab S10 FE Case in the Home & Kitchen category. Quality construction, reliable performance, fast shipping."
9269971517690,dyson-air-purifier-hotcool-fan-formaldehyde-hp09-smart-tower-in-whitegold,Dyson Air Purifier Hot+Cool Fan Formaldehyde HP09 Smart Towe,160,111,Shop Dyson Air Purifier Hot+Cool Fan Formaldehyde HP09 Smart Tower in White/Gold in the Arts & Craft,Shop Dyson Air Purifier Hot+Cool Fan Formaldehyde HP09 Smart Tower in White/Gold in the Arts & Crafts category.
9269971550458,dyson-air-purifier-hotcool-hp1-tower-in-white,Dyson Air Purifier Hot+Cool HP1 Tower in White,160,142,Shop Dyson Air Purifier Hot+Cool HP1 Tower in White in the Home & Kitchen category. Quality construc,"Shop Dyson Air Purifier Hot+Cool HP1 Tower in White in the Home & Kitchen category. Quality construction, reliable performance, fast shipping."
9269971583226,dyson-air-purifier-cool-pc1-tower-in-white,Dyson Air Purifier Cool PC1 Tower in White,160,138,Shop Dyson Air Purifier Cool PC1 Tower in White in the Home & Kitchen category. Quality construction,"Shop Dyson Air Purifier Cool PC1 Tower in White in the Home & Kitchen category. Quality construction, reliable performance, fast shipping."
9269971615994,dyson-purifier-cool-gen1-tp10-purifying-fan-whitesilver,Dyson Purifier Cool Gen1 TP10 Purifying Fan White/Silver,160,152,Shop Dyson Purifier Cool Gen1 TP10 Purifying Fan White/Silver in the Home & Kitchen category. Qualit,"Shop Dyson Purifier Cool Gen1 TP10 Purifying Fan White/Silver in the Home & Kitchen category. Quality construction, reliable performance, fast shipping."
9269971648762,dyson-purifier-humidifycool-pc2-de-nox-tower-in-whitegold,Dyson Purifier Humidify+Cool PC2 De-NOx Tower in White/Gold,160,155,Shop Dyson Purifier Humidify+Cool PC2 De-NOx Tower in White/Gold in the Home & Kitchen category. Qua,"Shop Dyson Purifier Humidify+Cool PC2 De-NOx Tower in White/Gold in the Home & Kitchen category. Quality construction, reliable performance, fast shipping."
9269971878138,dyson-purifier-humidifycool-ph2-de-nox-tower-in-whitegold,Dyson Purifier Humidify+Cool PH2 De-NOx Tower in White/Gold,160,155,Shop Dyson Purifier Humidify+Cool PH2 De-NOx Tower in White/Gold in the Home & Kitchen category. Qua,"Shop Dyson Purifier Humidify+Cool PH2 De-NOx Tower in White/Gold in the Home & Kitchen category. Quality construction, reliable performance, fast shipping."
9269971910906,dyson-supersonic-r-professional-hair-dryer-in-vinca-bluetopaz,Dyson Supersonic R Professional Hair Dryer in Vinca Blue/Top,160,99,Shop Dyson Supersonic R Professional Hair Dryer in Vinca Blue/Topaz in the Home & Kitchen category. ,Shop Dyson Supersonic R Professional Hair Dryer in Vinca Blue/Topaz in the Home & Kitchen category.
9269971943674,dyson-supersonic-hair-dryer-display-stand-in-fuchsiairon,Dyson Supersonic Hair Dryer & Display Stand in Fuchsia/Iron,160,155,Shop Dyson Supersonic Hair Dryer & Display Stand in Fuchsia/Iron in the Home & Kitchen category. Qua,"Shop Dyson Supersonic Hair Dryer & Display Stand in Fuchsia/Iron in the Home & Kitchen category. Quality construction, reliable performance, fast shipping."
9269971976442,dyson-supersonic-nural-hair-dryer-in-ceramic-pinkrose-gold,Dyson Supersonic Nural Hair Dryer in Ceramic Pink/Rose Gold,160,155,Shop Dyson Supersonic Nural Hair Dryer in Ceramic Pink/Rose Gold in the Home & Kitchen category. Qua,"Shop Dyson Supersonic Nural Hair Dryer in Ceramic Pink/Rose Gold in the Home & Kitchen category. Quality construction, reliable performance, fast shipping."
9269972009210,easyscrub-1,Easyscrub,160,105,"Shop EASYSCRUB in the Home & Kitchen category. Quality construction, reliable performance, fast ship","Shop EASYSCRUB in the Home & Kitchen category. Quality construction, reliable performance, fast shipping."
9269972041978,against-the-odds-samsung-galaxy-tab-s8-ultra-case,Against the Odds - Samsung Galaxy Tab S8 Ultra Case,160,147,Shop Against the Odds - Samsung Galaxy Tab S8 Ultra Case in the Home & Kitchen category. Quality con,"Shop Against the Odds - Samsung Galaxy Tab S8 Ultra Case in the Home & Kitchen category. Quality construction, reliable performance, fast shipping."
9269972074746,against-the-odds-samsung-galaxy-tab-s9-s10-case,Against the Odds - Samsung Galaxy Tab S9 Case,160,141,Shop Against the Odds - Samsung Galaxy Tab S9 Case in the Home & Kitchen category. Quality construct,"Shop Against the Odds - Samsung Galaxy Tab S9 Case in the Home & Kitchen category. Quality construction, reliable performance, fast shipping."
9269972107514,against-the-odds-samsung-galaxy-tab-s8-plus-s7-plus-s7-fe-case,Against the Odds - Samsung Galaxy Tab S8+/S7+/S7 FE Case,160,152,Shop Against the Odds - Samsung Galaxy Tab S8+/S7+/S7 FE Case in the Home & Kitchen category. Qualit,"Shop Against the Odds - Samsung Galaxy Tab S8+/S7+/S7 FE Case in the Home & Kitchen category. Quality construction, reliable performance, fast shipping."
9269972140282,against-the-odds-samsung-galaxy-tab-s10-plus-fe-case,Against the Odds - Samsung Galaxy Tab S10+ FE Case,160,146,Shop Against the Odds - Samsung Galaxy Tab S10+ FE Case in the Home & Kitchen category. Quality cons,"Shop Against the Odds - Samsung Galaxy Tab S10+ FE Case in the Home & Kitchen category. Quality construction, reliable performance, fast shipping."
9269972173050,against-the-odds-samsung-galaxy-tab-s8-s7-case,Against the Odds - Samsung Galaxy Tab S8/S7 Case,160,144,Shop Against the Odds - Samsung Galaxy Tab S8/S7 Case in the Home & Kitchen category. Quality constr,"Shop Against the Odds - Samsung Galaxy Tab S8/S7 Case in the Home & Kitchen category. Quality construction, reliable performance, fast shipping."
9269972304122,electric-heating-pad-by-pursonic,Electric Heating Pad,160,116,"Shop Electric Heating Pad in the Home & Kitchen category. Quality construction, reliable performance","Shop Electric Heating Pad in the Home & Kitchen category. Quality construction, reliable performance, fast shipping."
9269972336890,pursonic-electric-plush-heated-poncho-shawl,Electric Plush Heated Poncho Shawl,160,130,"Shop Electric Plush Heated Poncho Shawl in the Home & Kitchen category. Quality construction, reliab","Shop Electric Plush Heated Poncho Shawl in the Home & Kitchen category. Quality construction, reliable performance, fast shipping."
9269972369658,electric-neck-shoulder-heating-pad-by-pursonic,Electric Neck & Shoulder Heating Pad,160,132,"Shop Electric Neck & Shoulder Heating Pad in the Home & Kitchen category. Quality construction, reli","Shop Electric Neck & Shoulder Heating Pad in the Home & Kitchen category. Quality construction, reliable performance, fast shipping."
9269972402426,electric-massager-wrist-guard-relax-revitalize-your-wrists,Electric Massager Wrist Guard,160,125,"Shop Electric Massager Wrist Guard in the Home & Kitchen category. Quality construction, reliable pe","Shop Electric Massager Wrist Guard in the Home & Kitchen category. Quality construction, reliable performance, fast shipping."
9269972435194,baldr-eco-power-socket-us-meter-counts-kw-per-hour-plugs-into-appliances-measure-your-energy-usage-cut-down-on-costs,Eco Power Socket US Meter,160,121,"Shop Eco Power Socket US Meter in the Home & Kitchen category. Quality construction, reliable perfor","Shop Eco Power Socket US Meter in the Home & Kitchen category. Quality construction, reliable performance, fast shipping."
9269972533498,against-the-odds-samsung-galaxy-tab-s9-plus-case,Against the Odds - Samsung Galaxy Tab S9+ Case,160,142,Shop Against the Odds - Samsung Galaxy Tab S9+ Case in the Home & Kitchen category. Quality construc,"Shop Against the Odds - Samsung Galaxy Tab S9+ Case in the Home & Kitchen category. Quality construction, reliable performance, fast shipping."
9269972566266,against-the-odds-samsung-galaxy-tab-s9-fe-case,Against the Odds - Samsung Galaxy Tab S9 FE Case,160,144,Shop Against the Odds - Samsung Galaxy Tab S9 FE Case in the Home & Kitchen category. Quality constr,"Shop Against the Odds - Samsung Galaxy Tab S9 FE Case in the Home & Kitchen category. Quality construction, reliable performance, fast shipping."
9269972599034,against-the-odds-samsung-galaxy-tab-s9-plus-fe-case,Against the Odds - Samsung Galaxy Tab S9+ FE Case,160,145,Shop Against the Odds - Samsung Galaxy Tab S9+ FE Case in the Home & Kitchen category. Quality const,"Shop Against the Odds - Samsung Galaxy Tab S9+ FE Case in the Home & Kitchen category. Quality construction, reliable performance, fast shipping."
9269972631802,against-the-odds-samsung-galaxy-tab-s9-ultra-case,Against the Odds - Samsung Galaxy Tab S9 Ultra Case,160,147,Shop Against the Odds - Samsung Galaxy Tab S9 Ultra Case in the Home & Kitchen category. Quality con,"Shop Against the Odds - Samsung Galaxy Tab S9 Ultra Case in the Home & Kitchen category. Quality construction, reliable performance, fast shipping."
9269972664570,against-the-odds-samsung-galaxy-z-flip-3-case,Against the Odds - Samsung Galaxy Z Flip 3 Case,160,143,Shop Against the Odds - Samsung Galaxy Z Flip 3 Case in the Home & Kitchen category. Quality constru,"Shop Against the Odds - Samsung Galaxy Z Flip 3 Case in the Home & Kitchen category. Quality construction, reliable performance, fast shipping."
9269972861178,against-the-odds-samsung-galaxy-z-flip-7-fe-case,Against the Odds - Samsung Galaxy Z Flip 7 FE Case,160,146,Shop Against the Odds - Samsung Galaxy Z Flip 7 FE Case in the Home & Kitchen category. Quality cons,"Shop Against the Odds - Samsung Galaxy Z Flip 7 FE Case in the Home & Kitchen category. Quality construction, reliable performance, fast shipping."
9269972893946,against-the-odds-samsung-galaxy-z-flip-4-case,Against the Odds - Samsung Galaxy Z Flip 4 Case,160,143,Shop Against the Odds - Samsung Galaxy Z Flip 4 Case in the Home & Kitchen category. Quality constru,"Shop Against the Odds - Samsung Galaxy Z Flip 4 Case in the Home & Kitchen category. Quality construction, reliable performance, fast shipping."
9269972926714,against-the-odds-samsung-galaxy-z-flip-5-case,Against the Odds - Samsung Galaxy Z Flip 5 Case,160,143,Shop Against the Odds - Samsung Galaxy Z Flip 5 Case in the Home & Kitchen category. Quality constru,"Shop Against the Odds - Samsung Galaxy Z Flip 5 Case in the Home & Kitchen category. Quality construction, reliable performance, fast shipping."
9269972959482,against-the-odds-samsung-galaxy-z-flip-7-case,Against the Odds - Samsung Galaxy Z Flip 7 Case,160,143,Shop Against the Odds - Samsung Galaxy Z Flip 7 Case in the Home & Kitchen category. Quality constru,"Shop Against the Odds - Samsung Galaxy Z Flip 7 Case in the Home & Kitchen category. Quality construction, reliable performance, fast shipping."
9269972992250,against-the-odds-samsung-galaxy-z-flip-6-case,Against the Odds - Samsung Galaxy Z Flip 6 Case,160,143,Shop Against the Odds - Samsung Galaxy Z Flip 6 Case in the Home & Kitchen category. Quality constru,"Shop Against the Odds - Samsung Galaxy Z Flip 6 Case in the Home & Kitchen category. Quality construction, reliable performance, fast shipping."
9269973025018,elektra-app-controlled-e-stim-kegel-training-set,Elektra-App-Controlled E-Stim Kegel Training Set,160,144,Shop Elektra-App-Controlled E-Stim Kegel Training Set in the Home & Kitchen category. Quality constr,"Shop Elektra-App-Controlled E-Stim Kegel Training Set in the Home & Kitchen category. Quality construction, reliable performance, fast shipping."
9269973057786,essential-oil-aroma-diffuser-by-pursonic,Essential Oil Aroma Diffuser,160,124,"Shop Essential Oil Aroma Diffuser in the Home & Kitchen category. Quality construction, reliable per","Shop Essential Oil Aroma Diffuser in the Home & Kitchen category. Quality construction, reliable performance, fast shipping."
9269973090554,extra-large-ice-bucket-with-lid-and-ice-scoop-dark-walnut,"Extra Large Ice Bucket with Lid and Ice Scoop, Dark Walnut",160,154,"Shop Extra Large Ice Bucket with Lid and Ice Scoop, Dark Walnut in the Home & Kitchen category. Qual","Shop Extra Large Ice Bucket with Lid and Ice Scoop, Dark Walnut in the Home & Kitchen category. Quality construction, reliable performance, fast shipping."
9269973123322,enigma-wave-vibrator,Enigma Wave Intimate Massager,160,125,"Shop ENIGMA Wave Intimate Massager in the Home & Kitchen category. Quality construction, reliable pe","Shop ENIGMA Wave Intimate Massager in the Home & Kitchen category. Quality construction, reliable performance, fast shipping."
9269973156090,electric-soft-microplush-heated-blanket-throw-62x84-inches-fast-heating-with-3-temperature-settings-by-pursonic,Electric Soft Microplush Heated Blanket Throw,160,141,Shop Electric Soft Microplush Heated Blanket Throw in the Home & Kitchen category. Quality construct,"Shop Electric Soft Microplush Heated Blanket Throw in the Home & Kitchen category. Quality construction, reliable performance, fast shipping."
9269973418234,against-the-odds-samsung-galaxy-z-fold-3-case,Against the Odds - Samsung Galaxy Z Fold 3 Case,160,143,Shop Against the Odds - Samsung Galaxy Z Fold 3 Case in the Home & Kitchen category. Quality constru,"Shop Against the Odds - Samsung Galaxy Z Fold 3 Case in the Home & Kitchen category. Quality construction, reliable performance, fast shipping."
9269973451002,against-the-odds-samsung-galaxy-z-fold-4-case,Against the Odds - Samsung Galaxy Z Fold 4 Case,160,143,Shop Against the Odds - Samsung Galaxy Z Fold 4 Case in the Home & Kitchen category. Quality constru,"Shop Against the Odds - Samsung Galaxy Z Fold 4 Case in the Home & Kitchen category. Quality construction, reliable performance, fast shipping."
9269973483770,against-the-odds-samsung-galaxy-z-fold-6-case,Against the Odds - Samsung Galaxy Z Fold 6 Case,160,143,Shop Against the Odds - Samsung Galaxy Z Fold 6 Case in the Home & Kitchen category. Quality constru,"Shop Against the Odds - Samsung Galaxy Z Fold 6 Case in the Home & Kitchen category. Quality construction, reliable performance, fast shipping."
9269973516538,against-the-odds-samsung-galaxy-z-fold-5-case,Against the Odds - Samsung Galaxy Z Fold 5 Case,160,143,Shop Against the Odds - Samsung Galaxy Z Fold 5 Case in the Home & Kitchen category. Quality constru,"Shop Against the Odds - Samsung Galaxy Z Fold 5 Case in the Home & Kitchen category. Quality construction, reliable performance, fast shipping."
9269973549306,against-the-odds-samsung-galaxy-z-fold-7-case,Against the Odds - Samsung Galaxy Z Fold 7 Case,160,143,Shop Against the Odds - Samsung Galaxy Z Fold 7 Case in the Home & Kitchen category. Quality constru,"Shop Against the Odds - Samsung Galaxy Z Fold 7 Case in the Home & Kitchen category. Quality construction, reliable performance, fast shipping."
9269973647610,eye-c-massager-by-reathlete,EYE-C Massager,160,110,"Shop EYE-C Massager in the Home & Kitchen category. Quality construction, reliable performance, fast","Shop EYE-C Massager in the Home & Kitchen category. Quality construction, reliable performance, fast shipping."
9269973680378,firefly-solar-mini-led-christmas-lights-on-string-by-vistashops,Firefly Solar mini LED Christmas lights on String,160,145,Shop Firefly Solar mini LED Christmas lights on String in the Home & Kitchen category. Quality const,"Shop Firefly Solar mini LED Christmas lights on String in the Home & Kitchen category. Quality construction, reliable performance, fast shipping."
9269973713146,extra-large-ice-bucket-with-lid-and-ice-scoop-marble,"Extra Large Ice Bucket with Lid and Ice Scoop, Marble",160,149,"Shop Extra Large Ice Bucket with Lid and Ice Scoop, Marble in the Home & Kitchen category. Quality c","Shop Extra Large Ice Bucket with Lid and Ice Scoop, Marble in the Home & Kitchen category. Quality construction, reliable performance, fast shipping."
9269973745914,extra-large-ice-bucket-with-lid-and-ice-scoop-steel-by-snowfox,"Extra Large Ice Bucket with Lid and Ice Scoop, Steel by Snow",160,100,"Shop Extra Large Ice Bucket with Lid and Ice Scoop, Steel by Snowfox in the Home & Kitchen category.","Shop Extra Large Ice Bucket with Lid and Ice Scoop, Steel by Snowfox in the Home & Kitchen category."
9269973778682,f2-smoke-extractor,F2 Smoke Extractor,160,114,"Shop F2 Smoke Extractor in the Home & Kitchen category. Quality construction, reliable performance, ","Shop F2 Smoke Extractor in the Home & Kitchen category. Quality construction, reliable performance, fast shipping."
9269973942522,against-the-odds-travel-mug,Against the Odds - Travel Mug,160,125,"Shop Against the Odds - Travel Mug in the Home & Kitchen category. Quality construction, reliable pe","Shop Against the Odds - Travel Mug in the Home & Kitchen category. Quality construction, reliable performance, fast shipping."
9269973975290,against-the-odds-xiaomi-12-case,Against the Odds - Xiaomi 12 Case,160,129,"Shop Against the Odds - Xiaomi 12 Case in the Home & Kitchen category. Quality construction, reliabl","Shop Against the Odds - Xiaomi 12 Case in the Home & Kitchen category. Quality construction, reliable performance, fast shipping."
9269974008058,against-the-odds-xiaomi-11t-11t-pro-case,Against the Odds - Xiaomi 11T / 11T Pro Case,160,140,Shop Against the Odds - Xiaomi 11T / 11T Pro Case in the Home & Kitchen category. Quality constructi,"Shop Against the Odds - Xiaomi 11T / 11T Pro Case in the Home & Kitchen category. Quality construction, reliable performance, fast shipping."
9269974040826,against-the-odds-water-bottle,Against the Odds - Water Bottle,160,127,"Shop Against the Odds - Water Bottle in the Home & Kitchen category. Quality construction, reliable ","Shop Against the Odds - Water Bottle in the Home & Kitchen category. Quality construction, reliable performance, fast shipping."
9269974073594,against-the-odds-xiaomi-11-lite-5g-ne-case,Against the Odds - Xiaomi 11 Lite 5G NE Case,160,140,Shop Against the Odds - Xiaomi 11 Lite 5G NE Case in the Home & Kitchen category. Quality constructi,"Shop Against the Odds - Xiaomi 11 Lite 5G NE Case in the Home & Kitchen category. Quality construction, reliable performance, fast shipping."
9269974171898,floating-remote-mute-wi-fi-water-leak-detector,Floating Remote Mute Wi-Fi Water Leak Detector,160,142,Shop Floating Remote Mute Wi-Fi Water Leak Detector in the Home & Kitchen category. Quality construc,"Shop Floating Remote Mute Wi-Fi Water Leak Detector in the Home & Kitchen category. Quality construction, reliable performance, fast shipping."
9269974204666,foot-spa-massager-with-tea-tree-oil-foot-salt-scrub-warming-function,Foot Spa Massager with Tea Tree Oil Foot Salt Scrub,160,149,Shop Foot Spa Massager with Tea Tree Oil Foot Salt Scrub in the Food & Beverages category. Quality c,"Shop Foot Spa Massager with Tea Tree Oil Foot Salt Scrub in the Food & Beverages category. Quality construction, reliable performance, fast shipping."
9269974237434,my-1st-giant-piano-sing-along-and-dance-along-the-piano-touch-mat,Giant Piano Sing And Dance Along Touch Mat,160,138,Shop Giant Piano Sing And Dance Along Touch Mat in the Home & Kitchen category. Quality construction,"Shop Giant Piano Sing And Dance Along Touch Mat in the Home & Kitchen category. Quality construction, reliable performance, fast shipping."
9269974270202,fit-relief-device,Fit Relief Device,160,113,"Shop Fit Relief Device in the Home & Kitchen category. Quality construction, reliable performance, f","Shop Fit Relief Device in the Home & Kitchen category. Quality construction, reliable performance, fast shipping."
9269974302970,fondi-self-heating-fondue-bundle-set-by-ohom,Fondi Self-heating Fondue Bundle Set by Ohom,160,140,Shop Fondi Self-heating Fondue Bundle Set by OHOM in the Home & Kitchen category. Quality constructi,"Shop Fondi Self-heating Fondue Bundle Set by OHOM in the Home & Kitchen category. Quality construction, reliable performance, fast shipping."
9269974499578,against-the-odds-xiaomi-12t-case,Against the Odds - Xiaomi 12T Case,160,130,"Shop Against the Odds - Xiaomi 12T Case in the Home & Kitchen category. Quality construction, reliab","Shop Against the Odds - Xiaomi 12T Case in the Home & Kitchen category. Quality construction, reliable performance, fast shipping."
9269974532346,against-the-odds-xiaomi-13-lite-case,Against the Odds - Xiaomi 13 Lite Case,160,134,"Shop Against the Odds - Xiaomi 13 Lite Case in the Home & Kitchen category. Quality construction, re","Shop Against the Odds - Xiaomi 13 Lite Case in the Home & Kitchen category. Quality construction, reliable performance, fast shipping."
9269974565114,against-the-odds-xiaomi-12t-pro-case,Against the Odds - Xiaomi 12T Pro Case,160,134,"Shop Against the Odds - Xiaomi 12T Pro Case in the Home & Kitchen category. Quality construction, re","Shop Against the Odds - Xiaomi 12T Pro Case in the Home & Kitchen category. Quality construction, reliable performance, fast shipping."
9269974597882,against-the-odds-xiaomi-13-pro-case,Against the Odds - Xiaomi 13 Pro Case,160,133,"Shop Against the Odds - Xiaomi 13 Pro Case in the Home & Kitchen category. Quality construction, rel","Shop Against the Odds - Xiaomi 13 Pro Case in the Home & Kitchen category. Quality construction, reliable performance, fast shipping."
9269974630650,against-the-odds-xiaomi-13-case,Against the Odds - Xiaomi 13 Case,160,129,"Shop Against the Odds - Xiaomi 13 Case in the Home & Kitchen category. Quality construction, reliabl","Shop Against the Odds - Xiaomi 13 Case in the Home & Kitchen category. Quality construction, reliable performance, fast shipping."
9269974761722,grilleye-max-smart-wireless-thermometer,Grilleye Max Smart Wireless Thermometer,160,134,"Shop Grilleye Max Smart Wireless Thermometer in the Arts & Crafts category. Quality construction, re","Shop Grilleye Max Smart Wireless Thermometer in the Arts & Crafts category. Quality construction, reliable performance, fast shipping."
9269974794490,gypsy-dash-cam-the-wireless-dash-cam-with-night-vision,Gypsy Dash CAM - The Wireless Dash Cam With Night Vision,160,152,Shop GYPSY DASH CAM - The Wireless Dash Cam With Night Vision in the Home & Kitchen category. Qualit,"Shop GYPSY DASH CAM - The Wireless Dash Cam With Night Vision in the Home & Kitchen category. Quality construction, reliable performance, fast shipping."
9269974827258,glass-lined-whiskey-low-ball,Glass Lined Whiskey Low Ball,160,124,"Shop Glass Lined Whiskey Low Ball in the Home & Kitchen category. Quality construction, reliable per","Shop Glass Lined Whiskey Low Ball in the Home & Kitchen category. Quality construction, reliable performance, fast shipping."
9269974860026,gift-set,Gift Set,159,104,"Shop Gift Set in the Home & Kitchen category. Quality construction, reliable performance, fast shipp","Shop Gift Set in the Home & Kitchen category. Quality construction, reliable performance, fast shipping."
9269974892794,grande-wine-champagne-chiller,Grand Wine & Champagne Chiller,160,127,"Shop Grandé Wine & Champagne Chiller in the Home & Kitchen category. Quality construction, reliable ","Shop Grandé Wine & Champagne Chiller in the Home & Kitchen category. Quality construction, reliable performance, fast shipping."
9269974991098,against-the-odds-xiaomi-13t-case,Against the Odds - Xiaomi 13T Case,160,130,"Shop Against the Odds - Xiaomi 13T Case in the Home & Kitchen category. Quality construction, reliab","Shop Against the Odds - Xiaomi 13T Case in the Home & Kitchen category. Quality construction, reliable performance, fast shipping."
9269975023866,against-the-odds-xiaomi-14-ultra-case,Against the Odds - Xiaomi 14 Ultra Case,160,135,"Shop Against the Odds - Xiaomi 14 Ultra Case in the Home & Kitchen category. Quality construction, r","Shop Against the Odds - Xiaomi 14 Ultra Case in the Home & Kitchen category. Quality construction, reliable performance, fast shipping."
9269975056634,against-the-odds-xiaomi-14-case,Against the Odds - Xiaomi 14 Case,160,129,"Shop Against the Odds - Xiaomi 14 Case in the Home & Kitchen category. Quality construction, reliabl","Shop Against the Odds - Xiaomi 14 Case in the Home & Kitchen category. Quality construction, reliable performance, fast shipping."
9269975089402,against-the-odds-xiaomi-14-pro-case,Against the Odds - Xiaomi 14 Pro Case,160,133,"Shop Against the Odds - Xiaomi 14 Pro Case in the Home & Kitchen category. Quality construction, rel","Shop Against the Odds - Xiaomi 14 Pro Case in the Home & Kitchen category. Quality construction, reliable performance, fast shipping."
9269975122170,against-the-odds-xiaomi-13t-pro-case,Against the Odds - Xiaomi 13T Pro Case,160,134,"Shop Against the Odds - Xiaomi 13T Pro Case in the Home & Kitchen category. Quality construction, re","Shop Against the Odds - Xiaomi 13T Pro Case in the Home & Kitchen category. Quality construction, reliable performance, fast shipping."
9269975154938,zyllion-rechargeable-hand-massager-with-heat-vibration-and-air-compression-zma-29-by-zyllion,"Hand Massager with Heat, Vibration and Air Compression",160,150,"Shop Hand Massager with Heat, Vibration and Air Compression in the Home & Kitchen category. Quality ","Shop Hand Massager with Heat, Vibration and Air Compression in the Home & Kitchen category. Quality construction, reliable performance, fast shipping."
9269975187706,handblown-christmas-tree-wine-glasses-set-of-2-pcs,Handblown Christmas Tree Wine Glasses Set of 2 Pcs,160,146,Shop Handblown Christmas Tree Wine Glasses Set of 2 Pcs in the Home & Kitchen category. Quality cons,"Shop Handblown Christmas Tree Wine Glasses Set of 2 Pcs in the Home & Kitchen category. Quality construction, reliable performance, fast shipping."
9269975220474,healr-by-reathlete,Healr Calf & Foot Massage,160,121,"Shop HEALR Calf & Foot Massage in the Home & Kitchen category. Quality construction, reliable perfor","Shop HEALR Calf & Foot Massage in the Home & Kitchen category. Quality construction, reliable performance, fast shipping."
9269975253242,head-massager-with-5-vibrating-modes-and-music,Head Massager with 5 Vibrating Modes and Music,160,142,Shop Head Massager with 5 Vibrating Modes and Music in the Home & Kitchen category. Quality construc,"Shop Head Massager with 5 Vibrating Modes and Music in the Home & Kitchen category. Quality construction, reliable performance, fast shipping."
9269975286010,handheld-fabric-fast-heat-up-portable-garment-steamer-by-pursonic,Handheld Fabric Fast Heat-up Portable Garment Steamer,160,144,Shop Handheld Fabric Fast Heat-up Portable Garment Steamer in the Furniture category. Quality constr,"Shop Handheld Fabric Fast Heat-up Portable Garment Steamer in the Furniture category. Quality construction, reliable performance, fast shipping."
9269975384314,against-the-odds-xiaomi-14t-pro-case,Against the Odds - Xiaomi 14T Pro Case,160,134,"Shop Against the Odds - Xiaomi 14T Pro Case in the Home & Kitchen category. Quality construction, re","Shop Against the Odds - Xiaomi 14T Pro Case in the Home & Kitchen category. Quality construction, reliable performance, fast shipping."
9269975417082,against-the-odds-xiaomi-15-pro-case,Against the Odds - Xiaomi 15 Pro Case,160,133,"Shop Against the Odds - Xiaomi 15 Pro Case in the Home & Kitchen category. Quality construction, rel","Shop Against the Odds - Xiaomi 15 Pro Case in the Home & Kitchen category. Quality construction, reliable performance, fast shipping."
9269975449850,against-the-odds-xiaomi-14t-case,Against the Odds - Xiaomi 14T Case,160,130,"Shop Against the Odds - Xiaomi 14T Case in the Home & Kitchen category. Quality construction, reliab","Shop Against the Odds - Xiaomi 14T Case in the Home & Kitchen category. Quality construction, reliable performance, fast shipping."
9269975482618,against-the-odds-xiaomi-15-case,Against the Odds - Xiaomi 15 Case,160,129,"Shop Against the Odds - Xiaomi 15 Case in the Home & Kitchen category. Quality construction, reliabl","Shop Against the Odds - Xiaomi 15 Case in the Home & Kitchen category. Quality construction, reliable performance, fast shipping."
9269975515386,against-the-odds-xiaomi-15-ultra-case,Against the Odds - Xiaomi 15 Ultra Case,160,135,"Shop Against the Odds - Xiaomi 15 Ultra Case in the Home & Kitchen category. Quality construction, r","Shop Against the Odds - Xiaomi 15 Ultra Case in the Home & Kitchen category. Quality construction, reliable performance, fast shipping."
9269975646458,high-efficiency-90w-tri-fold-3-x-30w-foldable-solar-panel-kit-suitcase,High Efficiency 90W Tri-Fold (3 x 30w) Foldable Solar Panel ,160,101,Shop High Efficiency 90W Tri-Fold (3 x 30w) Foldable Solar Panel Kit Suitcase in the Travel category,Shop High Efficiency 90W Tri-Fold (3 x 30w) Foldable Solar Panel Kit Suitcase in the Travel category.
9269975679226,high-intensity-vibrating-foam-roller-for-deep-muscle-relief,High-Intensity Vibrating Foam Roller for Deep Muscle Relief,160,155,Shop High-Intensity Vibrating Foam Roller for Deep Muscle Relief in the Home & Kitchen category. Qua,"Shop High-Intensity Vibrating Foam Roller for Deep Muscle Relief in the Home & Kitchen category. Quality construction, reliable performance, fast shipping."
9269975711994,himalayan-salt-lamp-diffuser-3-in-1-wellness-device-by-pursonic,Himalayan Salt Lamp Diffuser - 3-in-1 Wellness Device,160,149,Shop Himalayan Salt Lamp Diffuser - 3-in-1 Wellness Device in the Home & Kitchen category. Quality c,"Shop Himalayan Salt Lamp Diffuser - 3-in-1 Wellness Device in the Home & Kitchen category. Quality construction, reliable performance, fast shipping."
9269975744762,hoverpen-aluminum-edition,Hoverpen Aluminum Edition,160,113,"Shop Hoverpen Aluminum Edition in the Office category. Quality construction, reliable performance, f","Shop Hoverpen Aluminum Edition in the Office category. Quality construction, reliable performance, fast shipping."
9269975777530,hisho-sl-track-heated-deluxe-zero-gravity-massage-chair-by-synca-massage-chair,Hisho - SL Track Heated Deluxe Zero Gravity Massage Chair,160,148,Shop Hisho - SL Track Heated Deluxe Zero Gravity Massage Chair in the Furniture category. Quality co,"Shop Hisho - SL Track Heated Deluxe Zero Gravity Massage Chair in the Furniture category. Quality construction, reliable performance, fast shipping."
9269975810298,against-the-odds-xiaomi-redmi-note-11-pro-case,Against the Odds - Xiaomi Redmi Note 11 Pro Case,160,144,Shop Against the Odds - Xiaomi Redmi Note 11 Pro Case in the Home & Kitchen category. Quality constr,"Shop Against the Odds - Xiaomi Redmi Note 11 Pro Case in the Home & Kitchen category. Quality construction, reliable performance, fast shipping."
9269975843066,against-the-odds-xiaomi-redmi-note-10-pro-case,Against the Odds - Xiaomi Redmi Note 10 Pro Case,160,144,Shop Against the Odds - Xiaomi Redmi Note 10 Pro Case in the Home & Kitchen category. Quality constr,"Shop Against the Odds - Xiaomi Redmi Note 10 Pro Case in the Home & Kitchen category. Quality construction, reliable performance, fast shipping."
9269975875834,against-the-odds-xiaomi-mi-11-lite-4g-5g-case,Against the Odds - Xiaomi Mi 11 Lite 4G / 5G Case,160,145,Shop Against the Odds - Xiaomi Mi 11 Lite 4G / 5G Case in the Home & Kitchen category. Quality const,"Shop Against the Odds - Xiaomi Mi 11 Lite 4G / 5G Case in the Home & Kitchen category. Quality construction, reliable performance, fast shipping."
9269975908602,against-the-odds-xiaomi-redmi-note-11-pro-plus-case,Against the Odds - Xiaomi Redmi Note 11 Pro+ Case,160,145,Shop Against the Odds - Xiaomi Redmi Note 11 Pro+ Case in the Home & Kitchen category. Quality const,"Shop Against the Odds - Xiaomi Redmi Note 11 Pro+ Case in the Home & Kitchen category. Quality construction, reliable performance, fast shipping."
9269975941370,against-the-odds-xiaomi-15t-case,Against the Odds - Xiaomi 15T Case,160,130,"Shop Against the Odds - Xiaomi 15T Case in the Home & Kitchen category. Quality construction, reliab","Shop Against the Odds - Xiaomi 15T Case in the Home & Kitchen category. Quality construction, reliable performance, fast shipping."
9269976105210,hoverpen-ballpoint-refill,Hoverpen Ballpoint Refill,160,113,"Shop Hoverpen Ballpoint Refill in the Office category. Quality construction, reliable performance, f","Shop Hoverpen Ballpoint Refill in the Office category. Quality construction, reliable performance, fast shipping."
9269976137978,hypersweep-1,HyperSweep,160,106,"Shop HyperSweep in the Home & Kitchen category. Quality construction, reliable performance, fast shi","Shop HyperSweep in the Home & Kitchen category. Quality construction, reliable performance, fast shipping."
9269976170746,glasskin™-hydro-pill-by-glasskinco,Hydro Pill by GlasSkinCo,160,120,"Shop Hydro Pill by GlasSkinCo in the Home & Kitchen category. Quality construction, reliable perform","Shop Hydro Pill by GlasSkinCo in the Home & Kitchen category. Quality construction, reliable performance, fast shipping."
9269976203514,hoverpen-titanium-edition,Hoverpen Titanium Edition,160,113,"Shop Hoverpen Titanium Edition in the Office category. Quality construction, reliable performance, f","Shop Hoverpen Titanium Edition in the Office category. Quality construction, reliable performance, fast shipping."
9269976236282,hoverpen-hardcover-notebook,Hoverpen Hardcover Notebook,160,115,"Shop Hoverpen Hardcover Notebook in the Office category. Quality construction, reliable performance,","Shop Hoverpen Hardcover Notebook in the Office category. Quality construction, reliable performance, fast shipping."
9269976334586,against-the-odds-xiaomi-redmi-note-13-pro-plus-5g-case,Against the Odds - Xiaomi Redmi Note 13 Pro+ 5G Case,160,148,Shop Against the Odds - Xiaomi Redmi Note 13 Pro+ 5G Case in the Home & Kitchen category. Quality co,"Shop Against the Odds - Xiaomi Redmi Note 13 Pro+ 5G Case in the Home & Kitchen category. Quality construction, reliable performance, fast shipping."
9269976367354,against-the-odds-xiaomi-redmi-note-13-pro-5g-case,Against the Odds - Xiaomi Redmi Note 13 Pro 5G Case,160,147,Shop Against the Odds - Xiaomi Redmi Note 13 Pro 5G Case in the Home & Kitchen category. Quality con,"Shop Against the Odds - Xiaomi Redmi Note 13 Pro 5G Case in the Home & Kitchen category. Quality construction, reliable performance, fast shipping."
9269976400122,against-the-odds-xiaomi-redmi-note-13-5g-case,Against the Odds - Xiaomi Redmi Note 13 5G Case,160,143,Shop Against the Odds - Xiaomi Redmi Note 13 5G Case in the Home & Kitchen category. Quality constru,"Shop Against the Odds - Xiaomi Redmi Note 13 5G Case in the Home & Kitchen category. Quality construction, reliable performance, fast shipping."
9269976432890,against-the-odds-xiaomi-redmi-note-12-pro-5g-case,Against the Odds - Xiaomi Redmi Note 12 Pro 5G Case,160,147,Shop Against the Odds - Xiaomi Redmi Note 12 Pro 5G Case in the Home & Kitchen category. Quality con,"Shop Against the Odds - Xiaomi Redmi Note 12 Pro 5G Case in the Home & Kitchen category. Quality construction, reliable performance, fast shipping."
9269976465658,against-the-odds-xiaomi-redmi-note-12-pro-plus-5g-case,Against the Odds - Xiaomi Redmi Note 12 Pro+ 5G Case,160,148,Shop Against the Odds - Xiaomi Redmi Note 12 Pro+ 5G Case in the Home & Kitchen category. Quality co,"Shop Against the Odds - Xiaomi Redmi Note 12 Pro+ 5G Case in the Home & Kitchen category. Quality construction, reliable performance, fast shipping."
9269976563962,infinity-rechargeable-massage-wand-grey-by-liberator,Infinity Rechargeable Intimate Massager,160,135,"Shop Infinity Rechargeable Intimate Massager in the Home & Kitchen category. Quality construction, r","Shop Infinity Rechargeable Intimate Massager in the Home & Kitchen category. Quality construction, reliable performance, fast shipping."
9269976596730,the-naughty-collection-interchangeable-heads-vibrator,Interchangeable Heads Intimate Massager,160,135,"Shop Interchangeable Heads Intimate Massager in the Home & Kitchen category. Quality construction, r","Shop Interchangeable Heads Intimate Massager in the Home & Kitchen category. Quality construction, reliable performance, fast shipping."
9269976629498,individual-wedge-pillow-sold-separately,Individual Wedge Pillow Sold Separately,160,135,"Shop Individual Wedge Pillow Sold Separately in the Home & Kitchen category. Quality construction, r","Shop Individual Wedge Pillow Sold Separately in the Home & Kitchen category. Quality construction, reliable performance, fast shipping."
9269976662266,island-hole-wood-and-resin-cornhole-x-golf-chipping-game,Island Hole | Wood and Resin Cornhole x Golf Chipping Game,160,152,Shop Island Hole | Wood and Resin Cornhole x Golf Chipping Game in the Toys & Games category. Qualit,"Shop Island Hole | Wood and Resin Cornhole x Golf Chipping Game in the Toys & Games category. Quality construction, reliable performance, fast shipping."
9269976695034,jaxx-3-5-ft-pillow-saxx-kids-bean-bag,Jaxx 3.5 Ft Pillow Saxx Kids Bean Bag,160,133,"Shop Jaxx 3.5 Ft Pillow Saxx Kids Bean Bag in the Home & Kitchen category. Quality construction, rel","Shop Jaxx 3.5 Ft Pillow Saxx Kids Bean Bag in the Home & Kitchen category. Quality construction, reliable performance, fast shipping."
9269976793338,al-fresco-airpods-3-case,Al Fresco - AirPods 3 Case,160,119,"Shop Al Fresco - AirPods 3 Case in the Electronics category. Quality construction, reliable performa","Shop Al Fresco - AirPods 3 Case in the Electronics category. Quality construction, reliable performance, fast shipping."
9269976826106,against-the-odds-xiaomi-redmi-note-14-pro-5g-case,Against the Odds - Xiaomi Redmi Note 14 Pro 5G Case,160,147,Shop Against the Odds - Xiaomi Redmi Note 14 Pro 5G Case in the Home & Kitchen category. Quality con,"Shop Against the Odds - Xiaomi Redmi Note 14 Pro 5G Case in the Home & Kitchen category. Quality construction, reliable performance, fast shipping."
9269976858874,al-fresco-phone-ring-holder,Al Fresco - Adhesive Ring Holder,160,121,"Shop Al Fresco - Adhesive Ring Holder in the Jewelry category. Quality construction, reliable perfor","Shop Al Fresco - Adhesive Ring Holder in the Jewelry category. Quality construction, reliable performance, fast shipping."
9269976891642,against-the-odds-xiaomi-redmi-note-14-pro-plus-5g-case,Against the Odds - Xiaomi Redmi Note 14 Pro+ 5G Case,160,148,Shop Against the Odds - Xiaomi Redmi Note 14 Pro+ 5G Case in the Home & Kitchen category. Quality co,"Shop Against the Odds - Xiaomi Redmi Note 14 Pro+ 5G Case in the Home & Kitchen category. Quality construction, reliable performance, fast shipping."
9269976924410,against-the-odds-xiaomi-redmi-note-14-5g-case,Against the Odds - Xiaomi Redmi Note 14 5G Case,160,143,Shop Against the Odds - Xiaomi Redmi Note 14 5G Case in the Home & Kitchen category. Quality constru,"Shop Against the Odds - Xiaomi Redmi Note 14 5G Case in the Home & Kitchen category. Quality construction, reliable performance, fast shipping."
9269977088250,jaxx-cocoon-4-foot-bean-bag-chair-faux-fur-1,Jaxx Cocoon 4 Foot Bean Bag Chair - Faux Fur,160,135,"Shop Jaxx Cocoon 4 Foot Bean Bag Chair - Faux Fur in the Furniture category. Quality construction, r","Shop Jaxx Cocoon 4 Foot Bean Bag Chair - Faux Fur in the Furniture category. Quality construction, reliable performance, fast shipping."
9269977121018,jaxx-6-foot-cocoon-2-in-1-convertible-bean-bag-bed-large-bean-bag-chair-for-adults-premium-luxe-fur-mondo-fur,Jaxx 6 Foot Cocoon - 2-in-1 Convertible Bean Bag Bed & Large,160,153,"Shop Jaxx 6 Foot Cocoon - 2-in-1 Convertible Bean Bag Bed & Large Bean Bag Chair for Adults, Premium","Shop Jaxx 6 Foot Cocoon - 2-in-1 Convertible Bean Bag Bed & Large Bean Bag Chair for Adults, Premium Luxe Fur - Mondo Fur in the Home & Kitchen category."
9269977153786,jaxx-alon-daybed-fold-out-sleeper-queen-size-mattress,Jaxx Alon Daybed | Fold-Out Sleeper | Queen-Size Mattress,160,153,Shop Jaxx Alon Daybed | Fold-Out Sleeper | Queen-Size Mattress in the Home & Kitchen category. Quali,"Shop Jaxx Alon Daybed | Fold-Out Sleeper | Queen-Size Mattress in the Home & Kitchen category. Quality construction, reliable performance, fast shipping."
9269977186554,jaxx-6-foot-cocoon-2-in-1-convertible-bean-bag-bed-large-bean-bag-chair-for-adults,Jaxx 6 Foot Cocoon - 2-in-1 Convertible Bean Bag Bed & Large,160,123,Shop Jaxx 6 Foot Cocoon - 2-in-1 Convertible Bean Bag Bed & Large Bean Bag Chair for Adults in the H,Shop Jaxx 6 Foot Cocoon - 2-in-1 Convertible Bean Bag Bed & Large Bean Bag Chair for Adults in the Home & Kitchen category.
9269977219322,jaxx-4-ft-cocoon-kids-bean-bag,Jaxx 4 ft Cocoon Kids Bean Bag,160,126,"Shop Jaxx 4 ft Cocoon Kids Bean Bag in the Home & Kitchen category. Quality construction, reliable p","Shop Jaxx 4 ft Cocoon Kids Bean Bag in the Home & Kitchen category. Quality construction, reliable performance, fast shipping."
9269977284858,al-fresco-airpods-pro-3-case,Al Fresco - AirPods Pro 3 Case,160,123,"Shop Al Fresco - AirPods Pro 3 Case in the Electronics category. Quality construction, reliable perf","Shop Al Fresco - AirPods Pro 3 Case in the Electronics category. Quality construction, reliable performance, fast shipping."
9269977317626,al-fresco-airpods-case,Al Fresco - AirPods Case,160,117,"Shop Al Fresco - AirPods Case in the Electronics category. Quality construction, reliable performanc","Shop Al Fresco - AirPods Case in the Electronics category. Quality construction, reliable performance, fast shipping."
9269977350394,al-fresco-airpods-pro-2-case,Al Fresco - AirPods Pro 2 Case,160,123,"Shop Al Fresco - AirPods Pro 2 Case in the Electronics category. Quality construction, reliable perf","Shop Al Fresco - AirPods Pro 2 Case in the Electronics category. Quality construction, reliable performance, fast shipping."
9269977383162,al-fresco-airpods-4-case,Al Fresco - AirPods 4 Case,160,119,"Shop Al Fresco - AirPods 4 Case in the Electronics category. Quality construction, reliable performa","Shop Al Fresco - AirPods 4 Case in the Electronics category. Quality construction, reliable performance, fast shipping."
9269977448698,al-fresco-airpods-max-case,Al Fresco - AirPods Max Case,160,121,"Shop Al Fresco - AirPods Max Case in the Electronics category. Quality construction, reliable perfor","Shop Al Fresco - AirPods Max Case in the Electronics category. Quality construction, reliable performance, fast shipping."
9269977547002,jaxx-grand-lounger-7-foot-bean-bag-sofa-mondo-fur,Jaxx Grand Lounger 7 Foot Bean Bag Sofa -Mondo Fur,160,141,Shop Jaxx Grand Lounger 7 Foot Bean Bag Sofa -Mondo Fur in the Furniture category. Quality construct,"Shop Jaxx Grand Lounger 7 Foot Bean Bag Sofa -Mondo Fur in the Furniture category. Quality construction, reliable performance, fast shipping."
9269977579770,jaxx-luckie-outdoor-patio-bean-bag-ottoman-1,Jaxx Luckie Outdoor Patio Bean Bag Ottoman,160,138,Shop Jaxx Luckie Outdoor Patio Bean Bag Ottoman in the Home & Kitchen category. Quality construction,"Shop Jaxx Luckie Outdoor Patio Bean Bag Ottoman in the Home & Kitchen category. Quality construction, reliable performance, fast shipping."
9269977612538,jaxx-ponce-outdoor-bean-bag-chair-weather-resistant-patio-and-poolside-lounge-seating,Jaxx Ponce Outdoor Bean Bag Chair,160,119,Shop Jaxx Ponce Outdoor Bean Bag Chair - Weather Resistant Patio and Poolside Lounge Seating in the ,Shop Jaxx Ponce Outdoor Bean Bag Chair - Weather Resistant Patio and Poolside Lounge Seating in the Furniture category.
9269977645306,jaxx-juniper-outdoor-bean-bag-patio-chair-poolside-lounge,Jaxx Juniper Outdoor Bean Bag Patio Chair & Poolside Lounge,160,150,Shop Jaxx Juniper Outdoor Bean Bag Patio Chair & Poolside Lounge in the Furniture category. Quality ,"Shop Jaxx Juniper Outdoor Bean Bag Patio Chair & Poolside Lounge in the Furniture category. Quality construction, reliable performance, fast shipping."
9269977678074,jaxx-saxx-3-foot-bean-bag-chair-faux-fur-1,Jaxx Saxx 3 Foot Bean Bag Chair - Faux Fur,160,133,"Shop Jaxx Saxx 3 Foot Bean Bag Chair - Faux Fur in the Furniture category. Quality construction, rel","Shop Jaxx Saxx 3 Foot Bean Bag Chair - Faux Fur in the Furniture category. Quality construction, reliable performance, fast shipping."
9269977776378,al-fresco-airpods-pro-case,Al Fresco - AirPods Pro Case,160,121,"Shop Al Fresco - AirPods Pro Case in the Electronics category. Quality construction, reliable perfor","Shop Al Fresco - AirPods Pro Case in the Electronics category. Quality construction, reliable performance, fast shipping."
9269977809146,al-fresco-easygrip-travel-mug,Al Fresco - EasyGrip Travel Mug,160,127,"Shop Al Fresco - EasyGrip Travel Mug in the Home & Kitchen category. Quality construction, reliable ","Shop Al Fresco - EasyGrip Travel Mug in the Home & Kitchen category. Quality construction, reliable performance, fast shipping."
9269977841914,al-fresco-google-pixel-10-pro-case,Al Fresco - Google Pixel 10 Pro Case,160,132,"Shop Al Fresco - Google Pixel 10 Pro Case in the Home & Kitchen category. Quality construction, reli","Shop Al Fresco - Google Pixel 10 Pro Case in the Home & Kitchen category. Quality construction, reliable performance, fast shipping."
9269977874682,al-fresco-all-day-leakproof-tumbler,Al Fresco - All Day Leakproof Tumbler,160,133,"Shop Al Fresco - All Day Leakproof Tumbler in the Home & Kitchen category. Quality construction, rel","Shop Al Fresco - All Day Leakproof Tumbler in the Home & Kitchen category. Quality construction, reliable performance, fast shipping."
9269977907450,al-fresco-google-pixel-10-case,Al Fresco - Google Pixel 10 Case,160,128,"Shop Al Fresco - Google Pixel 10 Case in the Home & Kitchen category. Quality construction, reliable","Shop Al Fresco - Google Pixel 10 Case in the Home & Kitchen category. Quality construction, reliable performance, fast shipping."
9269978071290,jaxx-sofa-saxx-4-foot-bean-bag-lounger,Jaxx Sofa Saxx 4-foot Bean Bag Lounger,160,129,"Shop Jaxx Sofa Saxx 4-foot Bean Bag Lounger in the Furniture category. Quality construction, reliabl","Shop Jaxx Sofa Saxx 4-foot Bean Bag Lounger in the Furniture category. Quality construction, reliable performance, fast shipping."
9269978104058,jaxx-zipline-convertible-sleeper-loveseat-ottomans-by-luvu-brands,Jaxx Zipline Convertible Sleeper Loveseat & Ottomans,160,148,Shop Jaxx Zipline Convertible Sleeper Loveseat & Ottomans in the Home & Kitchen category. Quality co,"Shop Jaxx Zipline Convertible Sleeper Loveseat & Ottomans in the Home & Kitchen category. Quality construction, reliable performance, fast shipping."
9269978136826,jaxx-spring-indoor-outdoor-bean-bag-pouf-ottoman,Jaxx Spring Indoor / Outdoor Bean Bag Pouf Ottoman,160,139,Shop Jaxx Spring Indoor / Outdoor Bean Bag Pouf Ottoman in the Jewelry category. Quality constructio,"Shop Jaxx Spring Indoor / Outdoor Bean Bag Pouf Ottoman in the Jewelry category. Quality construction, reliable performance, fast shipping."
9269978169594,jaxx-twist-outdoor-bean-bag-chair,Jaxx Twist Outdoor Bean Bag Chair,160,124,"Shop Jaxx Twist Outdoor Bean Bag Chair in the Furniture category. Quality construction, reliable per","Shop Jaxx Twist Outdoor Bean Bag Chair in the Furniture category. Quality construction, reliable performance, fast shipping."
9269978202362,jaxx-sofa-saxx-bean-bag-couch-4-foot-faux-fur-1,Jaxx Sofa Saxx Bean Bag Couch - 4 Foot - Faux Fur,160,140,Shop Jaxx Sofa Saxx Bean Bag Couch - 4 Foot - Faux Fur in the Furniture category. Quality constructi,"Shop Jaxx Sofa Saxx Bean Bag Couch - 4 Foot - Faux Fur in the Furniture category. Quality construction, reliable performance, fast shipping."
9269978333434,al-fresco-google-pixel-6-pro-case,Al Fresco - Google Pixel 6 Pro Case,160,131,"Shop Al Fresco - Google Pixel 6 Pro Case in the Home & Kitchen category. Quality construction, relia","Shop Al Fresco - Google Pixel 6 Pro Case in the Home & Kitchen category. Quality construction, reliable performance, fast shipping."
9269978366202,al-fresco-google-pixel-6a-case,Al Fresco - Google Pixel 6a Case,160,128,"Shop Al Fresco - Google Pixel 6a Case in the Home & Kitchen category. Quality construction, reliable","Shop Al Fresco - Google Pixel 6a Case in the Home & Kitchen category. Quality construction, reliable performance, fast shipping."
9269978398970,al-fresco-google-pixel-6-case,Al Fresco - Google Pixel 6 Case,160,127,"Shop Al Fresco - Google Pixel 6 Case in the Home & Kitchen category. Quality construction, reliable ","Shop Al Fresco - Google Pixel 6 Case in the Home & Kitchen category. Quality construction, reliable performance, fast shipping."
9269978431738,al-fresco-google-pixel-10-pro-xl-case,Al Fresco - Google Pixel 10 Pro XL Case,160,135,"Shop Al Fresco - Google Pixel 10 Pro XL Case in the Home & Kitchen category. Quality construction, r","Shop Al Fresco - Google Pixel 10 Pro XL Case in the Home & Kitchen category. Quality construction, reliable performance, fast shipping."
9269978464506,al-fresco-google-pixel-5-case,Al Fresco - Google Pixel 5 Case,160,127,"Shop Al Fresco - Google Pixel 5 Case in the Home & Kitchen category. Quality construction, reliable ","Shop Al Fresco - Google Pixel 5 Case in the Home & Kitchen category. Quality construction, reliable performance, fast shipping."
9269978562810,kaleidoscope-5-in-1-photo-magic-lens-set,Kaleidoscope 5 in 1 Photo Magic Lens Set,160,133,"Shop Kaleidoscope 5 in 1 Photo Magic Lens Set in the Electronics category. Quality construction, rel","Shop Kaleidoscope 5 in 1 Photo Magic Lens Set in the Electronics category. Quality construction, reliable performance, fast shipping."
9269978595578,kami-y32-smart-security-home-camera-dome,Kami Y32 Smart Security Home Camera,160,128,"Shop Kami Y32 Smart Security Home Camera in the Electronics category. Quality construction, reliable","Shop Kami Y32 Smart Security Home Camera in the Electronics category. Quality construction, reliable performance, fast shipping."
9269978628346,jin-2-0-deluxe-heated-sl-track-zero-gravity-massage-chair-by-synca-massage-chair,Jin 2.0 - Deluxe Heated SL Track Zero Gravity Massage Chair ,160,114,Shop Jin 2.0 - Deluxe Heated SL Track Zero Gravity Massage Chair by Synca Massage Chair in the Furni,Shop Jin 2.0 - Deluxe Heated SL Track Zero Gravity Massage Chair by Synca Massage Chair in the Furniture category.
9269978661114,jin-sl-track-heated-deluxe-zero-gravity-massage-chair-by-synca-massage-chair,Jin - SL Track Heated Deluxe Zero Gravity Massage Chair by S,160,110,Shop Jin - SL Track Heated Deluxe Zero Gravity Massage Chair by Synca Massage Chair in the Furniture,Shop Jin - SL Track Heated Deluxe Zero Gravity Massage Chair by Synca Massage Chair in the Furniture category.
9269978693882,jp-3000-5d-ai-deluxe-zero-gravity-massage-chair-by-synca-massage-chair,JP-3000 - 5D Ai Deluxe Zero Gravity Massage Chair by Synca M,160,104,Shop JP-3000 - 5D Ai Deluxe Zero Gravity Massage Chair by Synca Massage Chair in the Furniture categ,Shop JP-3000 - 5D Ai Deluxe Zero Gravity Massage Chair by Synca Massage Chair in the Furniture category.
9269978857722,al-fresco-google-pixel-8-case,Al Fresco - Google Pixel 8 Case,160,127,"Shop Al Fresco - Google Pixel 8 Case in the Home & Kitchen category. Quality construction, reliable ","Shop Al Fresco - Google Pixel 8 Case in the Home & Kitchen category. Quality construction, reliable performance, fast shipping."
9269978890490,al-fresco-google-pixel-7-pro-case,Al Fresco - Google Pixel 7 Pro Case,160,131,"Shop Al Fresco - Google Pixel 7 Pro Case in the Home & Kitchen category. Quality construction, relia","Shop Al Fresco - Google Pixel 7 Pro Case in the Home & Kitchen category. Quality construction, reliable performance, fast shipping."
9269978923258,al-fresco-google-pixel-7a-case,Al Fresco - Google Pixel 7a Case,160,128,"Shop Al Fresco - Google Pixel 7a Case in the Home & Kitchen category. Quality construction, reliable","Shop Al Fresco - Google Pixel 7a Case in the Home & Kitchen category. Quality construction, reliable performance, fast shipping."
9269978956026,al-fresco-google-pixel-8-pro-case,Al Fresco - Google Pixel 8 Pro Case,160,131,"Shop Al Fresco - Google Pixel 8 Pro Case in the Home & Kitchen category. Quality construction, relia","Shop Al Fresco - Google Pixel 8 Pro Case in the Home & Kitchen category. Quality construction, reliable performance, fast shipping."
9269978988794,al-fresco-google-pixel-7-case,Al Fresco - Google Pixel 7 Case,160,127,"Shop Al Fresco - Google Pixel 7 Case in the Home & Kitchen category. Quality construction, reliable ","Shop Al Fresco - Google Pixel 7 Case in the Home & Kitchen category. Quality construction, reliable performance, fast shipping."
9269979218170,kitta-performance-percussive-sports-therapy-massage-gun,Kitta - Performance Percussive Sports Therapy Massage Gun,160,153,Shop Kitta - Performance Percussive Sports Therapy Massage Gun in the Home & Kitchen category. Quali,"Shop Kitta - Performance Percussive Sports Therapy Massage Gun in the Home & Kitchen category. Quality construction, reliable performance, fast shipping."
9269979250938,kids-tick-tack-fun-smart-watch,Kid's Tick Tack Fun Smart Watch,160,124,"Shop Kid's Tick Tack Fun Smart Watch in the Electronics category. Quality construction, reliable per","Shop Kid's Tick Tack Fun Smart Watch in the Electronics category. Quality construction, reliable performance, fast shipping."
9269979283706,kitta-performance-percussive-sports-therapy-massage-gun-by-synca-massage-chair,Kitta - Performance Percussive Sports Therapy Massage Gun by,160,112,Shop Kitta - Performance Percussive Sports Therapy Massage Gun by Synca Massage Chair in the Furnitu,Shop Kitta - Performance Percussive Sports Therapy Massage Gun by Synca Massage Chair in the Furniture category.
9269979316474,katalina-classic-handbag-convertible-to-backpack,Katalina Classic Handbag Convertible To Backpack,160,137,"Shop Katalina Classic Handbag Convertible To Backpack in the Outdoor category. Quality construction,","Shop Katalina Classic Handbag Convertible To Backpack in the Outdoor category. Quality construction, reliable performance, fast shipping."
9269979349242,baldr-kitchen-timer-digital-timer-for-kids-magnetic-countdown-count-up-timer-with-large-led,"Kitchen Timer, Digital Timer for Kids",160,133,"Shop Kitchen Timer, Digital Timer for Kids in the Home & Kitchen category. Quality construction, rel","Shop Kitchen Timer, Digital Timer for Kids in the Home & Kitchen category. Quality construction, reliable performance, fast shipping."
9269979414778,al-fresco-google-pixel-9a-case,Al Fresco - Google Pixel 9a Case,160,128,"Shop Al Fresco - Google Pixel 9a Case in the Home & Kitchen category. Quality construction, reliable","Shop Al Fresco - Google Pixel 9a Case in the Home & Kitchen category. Quality construction, reliable performance, fast shipping."
9269979447546,al-fresco-google-pixel-9-pro-case,Al Fresco - Google Pixel 9 Pro Case,160,131,"Shop Al Fresco - Google Pixel 9 Pro Case in the Home & Kitchen category. Quality construction, relia","Shop Al Fresco - Google Pixel 9 Pro Case in the Home & Kitchen category. Quality construction, reliable performance, fast shipping."
9269979480314,al-fresco-google-pixel-9-case,Al Fresco - Google Pixel 9 Case,160,127,"Shop Al Fresco - Google Pixel 9 Case in the Home & Kitchen category. Quality construction, reliable ","Shop Al Fresco - Google Pixel 9 Case in the Home & Kitchen category. Quality construction, reliable performance, fast shipping."
9269979513082,al-fresco-google-pixel-9-pro-xl-case,Al Fresco - Google Pixel 9 Pro XL Case,160,134,"Shop Al Fresco - Google Pixel 9 Pro XL Case in the Home & Kitchen category. Quality construction, re","Shop Al Fresco - Google Pixel 9 Pro XL Case in the Home & Kitchen category. Quality construction, reliable performance, fast shipping."
9269979578618,al-fresco-google-pixel-8a-case,Al Fresco - Google Pixel 8a Case,160,128,"Shop Al Fresco - Google Pixel 8a Case in the Home & Kitchen category. Quality construction, reliable","Shop Al Fresco - Google Pixel 8a Case in the Home & Kitchen category. Quality construction, reliable performance, fast shipping."
9269979709690,knocki-turbo-adapter,Knocki Turbo Adapter - Replaces Batteries and makes Knocki p,160,107,Shop Knocki Turbo Adapter - Replaces Batteries and makes Knocki perform Faster in the Electronics ca,Shop Knocki Turbo Adapter - Replaces Batteries and makes Knocki perform Faster in the Electronics category.
9269979742458,kurodo-executive-4d-deep-tissue-zero-gravity-massage-chair-by-synca-massage-chair,Kurodo - Executive 4D Deep Tissue Zero Gravity Massage Chair,160,115,Shop Kurodo - Executive 4D Deep Tissue Zero Gravity Massage Chair by Synca Massage Chair in the Furn,Shop Kurodo - Executive 4D Deep Tissue Zero Gravity Massage Chair by Synca Massage Chair in the Furniture category.
9269979775226,klaro-2-cigar-travel-case-by-case-elegance,Klaro 2 Cigar Travel Case by Case Elegance,160,138,Shop Klaro 2 Cigar Travel Case by Case Elegance in the Home & Kitchen category. Quality construction,"Shop Klaro 2 Cigar Travel Case by Case Elegance in the Home & Kitchen category. Quality construction, reliable performance, fast shipping."
9269979807994,kobi-glass-top-humidor-by-case-elegance,Kobi Glass Top Humidor by Case Elegance,160,135,"Shop KOBI Glass Top Humidor by Case Elegance in the Home & Kitchen category. Quality construction, r","Shop KOBI Glass Top Humidor by Case Elegance in the Home & Kitchen category. Quality construction, reliable performance, fast shipping."
9269979840762,knocki-original-smart-device,Knocki Original Smart Device - Add Touch Control to Any Surf,160,99,Shop Knocki Original Smart Device - Add Touch Control to Any Surface in the Arts & Crafts category. ,Shop Knocki Original Smart Device - Add Touch Control to Any Surface in the Arts & Crafts category.
9269979971834,al-fresco-google-pixel-buds-2-case,Al Fresco - Google Pixel Buds 2 Case,160,132,"Shop Al Fresco - Google Pixel Buds 2 Case in the Home & Kitchen category. Quality construction, reli","Shop Al Fresco - Google Pixel Buds 2 Case in the Home & Kitchen category. Quality construction, reliable performance, fast shipping."
9269980004602,al-fresco-google-pixel-buds-pro-case,Al Fresco - Google Pixel Buds Pro Case,160,134,"Shop Al Fresco - Google Pixel Buds Pro Case in the Home & Kitchen category. Quality construction, re","Shop Al Fresco - Google Pixel Buds Pro Case in the Home & Kitchen category. Quality construction, reliable performance, fast shipping."
9269980037370,al-fresco-google-pixel-buds-pro-2-case,Al Fresco - Google Pixel Buds Pro 2 Case,160,136,"Shop Al Fresco - Google Pixel Buds Pro 2 Case in the Home & Kitchen category. Quality construction, ","Shop Al Fresco - Google Pixel Buds Pro 2 Case in the Home & Kitchen category. Quality construction, reliable performance, fast shipping."
9269980070138,al-fresco-google-pixel-buds-a-case,Al Fresco - Google Pixel Buds A Case,160,132,"Shop Al Fresco - Google Pixel Buds A Case in the Home & Kitchen category. Quality construction, reli","Shop Al Fresco - Google Pixel Buds A Case in the Home & Kitchen category. Quality construction, reliable performance, fast shipping."
9269980102906,al-fresco-hand-fan,Al Fresco - Hand Fan,160,116,"Shop Al Fresco - Hand Fan in the Home & Kitchen category. Quality construction, reliable performance","Shop Al Fresco - Hand Fan in the Home & Kitchen category. Quality construction, reliable performance, fast shipping."
9269980233978,lagio-storage-companion,Lagio Storage Companion,160,119,"Shop Lagio Storage Companion in the Home & Kitchen category. Quality construction, reliable performa","Shop Lagio Storage Companion in the Home & Kitchen category. Quality construction, reliable performance, fast shipping."
9269980266746,lagio-ultimate-bundle,Lagio Ultimate Bundle,160,117,"Shop Lagio Ultimate Bundle in the Home & Kitchen category. Quality construction, reliable performanc","Shop Lagio Ultimate Bundle in the Home & Kitchen category. Quality construction, reliable performance, fast shipping."
9269980299514,lagio-power-bank,Lagio Power Bank,160,109,"Shop Lagio Power Bank in the Electronics category. Quality construction, reliable performance, fast ","Shop Lagio Power Bank in the Electronics category. Quality construction, reliable performance, fast shipping."
9269980332282,lagio-comfort-webbing,Lagio Comfort Webbing,160,117,"Shop Lagio Comfort Webbing in the Home & Kitchen category. Quality construction, reliable performanc","Shop Lagio Comfort Webbing in the Home & Kitchen category. Quality construction, reliable performance, fast shipping."
9269980365050,led-lite-mask-1,LED Lite Mask,160,109,"Shop LED Lite Mask in the Home & Kitchen category. Quality construction, reliable performance, fast ","Shop LED Lite Mask in the Home & Kitchen category. Quality construction, reliable performance, fast shipping."
9269980430586,al-fresco-huawei-p20-case,Al Fresco - Huawei P20 Case,160,123,"Shop Al Fresco - Huawei P20 Case in the Home & Kitchen category. Quality construction, reliable perf","Shop Al Fresco - Huawei P20 Case in the Home & Kitchen category. Quality construction, reliable performance, fast shipping."
9269980463354,al-fresco-huawei-p30-case,Al Fresco - Huawei P30 Case,160,123,"Shop Al Fresco - Huawei P30 Case in the Home & Kitchen category. Quality construction, reliable perf","Shop Al Fresco - Huawei P30 Case in the Home & Kitchen category. Quality construction, reliable performance, fast shipping."
9269980496122,al-fresco-huawei-mate-20-case,Al Fresco - Huawei Mate 20 Case,160,127,"Shop Al Fresco - Huawei Mate 20 Case in the Home & Kitchen category. Quality construction, reliable ","Shop Al Fresco - Huawei Mate 20 Case in the Home & Kitchen category. Quality construction, reliable performance, fast shipping."
9269980528890,al-fresco-huawei-p30-pro-case,Al Fresco - Huawei P30 Pro Case,160,127,"Shop Al Fresco - Huawei P30 Pro Case in the Home & Kitchen category. Quality construction, reliable ","Shop Al Fresco - Huawei P30 Pro Case in the Home & Kitchen category. Quality construction, reliable performance, fast shipping."
9269980561658,al-fresco-huawei-p30-lite-case,Al Fresco - Huawei P30 Lite Case,160,128,"Shop Al Fresco - Huawei P30 Lite Case in the Home & Kitchen category. Quality construction, reliable","Shop Al Fresco - Huawei P30 Lite Case in the Home & Kitchen category. Quality construction, reliable performance, fast shipping."
9269980594426,lelo-backstage-pass-bundle,Lelo Backstage Pass Bundle,160,122,"Shop LELO Backstage Pass Bundle in the Home & Kitchen category. Quality construction, reliable perfo","Shop LELO Backstage Pass Bundle in the Home & Kitchen category. Quality construction, reliable performance, fast shipping."
9269980627194,lelo-ako-originals-purple,Lelo AKO Originals,160,114,"Shop LELO AKO Originals in the Home & Kitchen category. Quality construction, reliable performance, ","Shop LELO AKO Originals in the Home & Kitchen category. Quality construction, reliable performance, fast shipping."
9269980659962,led-pet-safety-halo-style-collar,LED PET Safety Halo Style Collar,160,128,"Shop LED PET Safety Halo Style Collar in the Home & Kitchen category. Quality construction, reliable","Shop LED PET Safety Halo Style Collar in the Home & Kitchen category. Quality construction, reliable performance, fast shipping."
9269980692730,lelo-beads-plus,Lelo Beads Plus,160,111,"Shop LELO Beads Plus in the Home & Kitchen category. Quality construction, reliable performance, fas","Shop LELO Beads Plus in the Home & Kitchen category. Quality construction, reliable performance, fast shipping."
9269980725498,leiph-self-heating-teapot-bundle-set-by-ohom,Leiph Self-heating Teapot Bundle Set by Ohom,160,142,Shop Leiph Self-heating Teapot Bundle Set by OHOM in the Food & Beverages category. Quality construc,"Shop Leiph Self-heating Teapot Bundle Set by OHOM in the Food & Beverages category. Quality construction, reliable performance, fast shipping."
9269980856570,al-fresco-ipad-10-2-9th-8th-7th-gen-case,Al Fresco - iPad 10.2 (9th/8th/7th Gen) Case,160,140,Shop Al Fresco - iPad 10.2 (9th/8th/7th Gen) Case in the Home & Kitchen category. Quality constructi,"Shop Al Fresco - iPad 10.2 (9th/8th/7th Gen) Case in the Home & Kitchen category. Quality construction, reliable performance, fast shipping."
9269980889338,al-fresco-ipad-10-9-10th-gen-case,Al Fresco - iPad 10.9 (10th Gen) Case,160,133,"Shop Al Fresco - iPad 10.9 (10th Gen) Case in the Home & Kitchen category. Quality construction, rel","Shop Al Fresco - iPad 10.9 (10th Gen) Case in the Home & Kitchen category. Quality construction, reliable performance, fast shipping."
9269980922106,al-fresco-ipad-9-7-6th-5th-gen-case,Al Fresco - iPad 9.7 (6th/5th Gen) Case,160,135,"Shop Al Fresco - iPad 9.7 (6th/5th Gen) Case in the Home & Kitchen category. Quality construction, r","Shop Al Fresco - iPad 9.7 (6th/5th Gen) Case in the Home & Kitchen category. Quality construction, reliable performance, fast shipping."
9269980954874,al-fresco-huawei-p40-case,Al Fresco - Huawei P40 Case,160,123,"Shop Al Fresco - Huawei P40 Case in the Home & Kitchen category. Quality construction, reliable perf","Shop Al Fresco - Huawei P40 Case in the Home & Kitchen category. Quality construction, reliable performance, fast shipping."
9269980987642,al-fresco-infinity-planner,Al Fresco - Infinity Planner,160,124,"Shop Al Fresco - Infinity Planner in the Home & Kitchen category. Quality construction, reliable per","Shop Al Fresco - Infinity Planner in the Home & Kitchen category. Quality construction, reliable performance, fast shipping."
9269981085946,lelo-couple-play-bundle,Lelo Couple Play Bundle,160,119,"Shop LELO Couple Play Bundle in the Home & Kitchen category. Quality construction, reliable performa","Shop LELO Couple Play Bundle in the Home & Kitchen category. Quality construction, reliable performance, fast shipping."
