action,old_sku,new_sku,product_id,variant_id,product_handle,product_title
fill_empty,,1080p-night-vision-trail-camera-118138,9257723625722,48995294118138,1080p-night-vision-trail-camera,"1080p HD Trail & Hunting Camera - 16MP, 0.6s Trigg"
fill_empty,,24oz-leak-proof-glass-hummingbird-feeder-488634,9257727230202,48995305488634,24oz-leak-proof-glass-hummingbird-feeder,24oz Leak Proof Glass Hummingbird Feeder
fill_empty,,24oz-leak-proof-glass-hummingbird-feeder-521402,9257727230202,48995305521402,24oz-leak-proof-glass-hummingbird-feeder,24oz Leak Proof Glass Hummingbird Feeder
fill_empty,,2pcs-shoes-washing-bag-for-laundry-832122,9257727623418,48995306832122,2pcs-shoes-washing-bag-for-laundry,2Pcs Shoes Washing Bag for Laundry
fill_empty,,3-in-1-dog-hair-dryer-and-grooming-brush-797050,9257729097978,48995310797050,3-in-1-dog-hair-dryer-and-grooming-brush,"3-in-1 Dog Hair Dryer, Slicker Brush & Grooming To"
fill_empty,,4-in-1-cutting-board-with-thawing-tray-a-213818,9257734996218,48995327213818,4-in-1-cutting-board-with-thawing-tray-and-knife-sharpener,4-in-1 Cutting Board with Thawing Tray and Knife S
fill_empty,,4-in-1-cutting-board-with-thawing-tray-a-246586,9257734996218,48995327246586,4-in-1-cutting-board-with-thawing-tray-and-knife-sharpener,4-in-1 Cutting Board with Thawing Tray and Knife S
fill_empty,,450ml-smart-travel-mug-with-led-display-309818,9257736241402,48995331309818,450ml-smart-travel-mug-with-led-display,450ml Smart Travel Mug with LED Display
fill_empty,,4d-cloud-technology-insole-super-soft-735802,9257736339706,48995331735802,4d-cloud-technology-insole-super-soft,4D Cloud Technology Insole - Super Soft!
fill_empty,,4d-cloud-technology-insole-super-soft-768570,9257736339706,48995331768570,4d-cloud-technology-insole-super-soft,4D Cloud Technology Insole - Super Soft!
fill_empty,,4d-cloud-technology-insole-super-soft-801338,9257736339706,48995331801338,4d-cloud-technology-insole-super-soft,4D Cloud Technology Insole - Super Soft!
fill_empty,,4d-cloud-technology-insole-super-soft-834106,9257736339706,48995331834106,4d-cloud-technology-insole-super-soft,4D Cloud Technology Insole - Super Soft!
fill_empty,,5-in-1-forklift-design-wireless-charger--289402,9257737781498,48995338289402,5-in-1-forklift-design-wireless-charger-with-alarm-clock-and-night-light,5-in-1 Forklift Design MagSafe Wireless Charger wi
fill_empty,,600ml-leak-proof-protein-shaker-bottle-w-779770,9257739321594,48995340779770,600ml-leak-proof-protein-shaker-bottle-with-mixing-ball,600ml Leak-Proof Protein Shaker Bottle with Stainl
fill_empty,,600ml-leak-proof-protein-shaker-bottle-w-812538,9257739321594,48995340812538,600ml-leak-proof-protein-shaker-bottle-with-mixing-ball,600ml Leak-Proof Protein Shaker Bottle with Stainl
fill_empty,,adjustable-dog-boots-807930,9257742729466,48995348807930,adjustable-dog-boots,Adjustable Dog Boots
fill_empty,,adjustable-dog-boots-840698,9257742729466,48995348840698,adjustable-dog-boots,Adjustable Dog Boots
fill_empty,,adjustable-dog-boots-873466,9257742729466,48995348873466,adjustable-dog-boots,Adjustable Dog Boots
fill_empty,,antislip-shower-mat-397434,9257750331642,48995378397434,antislip-shower-mat,Antislip Shower Mat
fill_empty,,antislip-shower-mat-430202,9257750331642,48995378430202,antislip-shower-mat,Antislip Shower Mat
fill_empty,,antislip-shower-mat-462970,9257750331642,48995378462970,antislip-shower-mat,Antislip Shower Mat
fill_empty,,antislip-shower-mat-495738,9257750331642,48995378495738,antislip-shower-mat,Antislip Shower Mat
fill_empty,,antislip-shower-mat-528506,9257750331642,48995378528506,antislip-shower-mat,Antislip Shower Mat
fill_empty,,antislip-shower-mat-561274,9257750331642,48995378561274,antislip-shower-mat,Antislip Shower Mat
fill_empty,,autogap-safety-fillers-953338,9257751216378,48995380953338,autogap-safety-fillers,Auto Gap Safety Fillers
fill_empty,,autogap-safety-fillers-986106,9257751216378,48995380986106,autogap-safety-fillers,Auto Gap Safety Fillers
fill_empty,,baby-blanket-1-340794,9257753182458,48995391340794,baby-blanket-1,Baby Blanket
fill_empty,,baby-blanket-1-373562,9257753182458,48995391373562,baby-blanket-1,Baby Blanket
fill_empty,,baby-blanket-1-406330,9257753182458,48995391406330,baby-blanket-1,Baby Blanket
fill_empty,,baby-blanket-1-439098,9257753182458,48995391439098,baby-blanket-1,Baby Blanket
fill_empty,,portable-air-conditioner-stand-up-room-c-654650,9257756655866,48995415654650,portable-air-conditioner-stand-up-room-cooler-indoor-ac-unit-windowless,Portable Air Conditioner Stand Up Room Cooler Indo
fill_empty,,best-portable-air-cooler-stand-up-room-c-752954,9257756721402,48995415752954,best-portable-air-cooler-stand-up-room-cooler-indoor-ac-unit-windowless,Portable Air Cooler Stand Up Room Cooler Indoor AC
fill_empty,,car-dashboard-thermometer-309690,9257762128122,48995445309690,car-dashboard-thermometer,Car Dashboard Thermometer
fill_empty,,car-door-edge-scratch-protector-strip-899514,9257762390266,48995445899514,car-door-edge-scratch-protector-strip,Car Door Edge Scratch Protector Strip
fill_empty,,car-door-edge-scratch-protector-strip-932282,9257762390266,48995445932282,car-door-edge-scratch-protector-strip,Car Door Edge Scratch Protector Strip
fill_empty,,car-door-edge-scratch-protector-strip-965050,9257762390266,48995445965050,car-door-edge-scratch-protector-strip,Car Door Edge Scratch Protector Strip
fill_empty,,car-door-edge-scratch-protector-strip-997818,9257762390266,48995445997818,car-door-edge-scratch-protector-strip,Car Door Edge Scratch Protector Strip
fill_empty,,car-door-edge-scratch-protector-strip-030586,9257762390266,48995446030586,car-door-edge-scratch-protector-strip,Car Door Edge Scratch Protector Strip
fill_empty,,car-door-edge-scratch-protector-strip-063354,9257762390266,48995446063354,car-door-edge-scratch-protector-strip,Car Door Edge Scratch Protector Strip
fill_empty,,cat-carrier-pouch-706042,9257765142778,48995468706042,cat-carrier-pouch,Cat Carrier Pouch
fill_empty,,cat-carrier-pouch-738810,9257765142778,48995468738810,cat-carrier-pouch,Cat Carrier Pouch
fill_empty,,cat-carrier-pouch-771578,9257765142778,48995468771578,cat-carrier-pouch,Cat Carrier Pouch
fill_empty,,cat-carrier-pouch-837114,9257765142778,48995468837114,cat-carrier-pouch,Cat Carrier Pouch
fill_empty,,cat-carrier-pouch-869882,9257765142778,48995468869882,cat-carrier-pouch,Cat Carrier Pouch
fill_empty,,cat-carrier-pouch-902650,9257765142778,48995468902650,cat-carrier-pouch,Cat Carrier Pouch
fill_empty,,cat-carrier-pouch-968186,9257765142778,48995468968186,cat-carrier-pouch,Cat Carrier Pouch
fill_empty,,cat-heating-pad-and-dog-warming-pad-541050,9257765437690,48995470541050,cat-heating-pad-and-dog-warming-pad,Cat Heating Pad and Dog Warming Pad
fill_empty,,cat-heating-pad-and-dog-warming-pad-606586,9257765437690,48995470606586,cat-heating-pad-and-dog-warming-pad,Cat Heating Pad and Dog Warming Pad
fill_empty,,cat-heating-pad-and-dog-warming-pad-672122,9257765437690,48995470672122,cat-heating-pad-and-dog-warming-pad,Cat Heating Pad and Dog Warming Pad
fill_empty,,cat-heating-pad-and-dog-warming-pad-737658,9257765437690,48995470737658,cat-heating-pad-and-dog-warming-pad,Cat Heating Pad and Dog Warming Pad
fill_empty,,classic-trench-coat-252730,9257768911098,48995487252730,classic-trench-coat,Classic trench coat
fill_empty,,cloud-slippers-orthopedic-sandals-675258,9257769828602,48995493675258,cloud-slippers-orthopedic-sandals,Cloud Slippers Orthopedic Sandals
fill_empty,,cloud-slippers-orthopedic-sandals-708026,9257769828602,48995493708026,cloud-slippers-orthopedic-sandals,Cloud Slippers Orthopedic Sandals
fill_empty,,coffee-press-machine-362234,9257770156282,48995496362234,coffee-press-machine,Coffee Press Machine
fill_empty,,combination-lock-for-doors-without-keys-869562,9257770549498,48995497869562,combination-lock-for-doors-without-keys,Combination Lock For Doors Without Keys
fill_empty,,combination-lock-for-doors-without-keys-902330,9257770549498,48995497902330,combination-lock-for-doors-without-keys,Combination Lock For Doors Without Keys
fill_empty,,comfortable-shoes-for-women-784762,9257770746106,48995502784762,comfortable-shoes-for-women,Comfortable Shoes For Women
fill_empty,,comfortable-shoes-for-women-817530,9257770746106,48995502817530,comfortable-shoes-for-women,Comfortable Shoes For Women
fill_empty,,comfortable-shoes-for-women-850298,9257770746106,48995502850298,comfortable-shoes-for-women,Comfortable Shoes For Women
fill_empty,,comfortable-shoes-for-women-883066,9257770746106,48995502883066,comfortable-shoes-for-women,Comfortable Shoes For Women
fill_empty,,comfortable-shoes-for-women-915834,9257770746106,48995502915834,comfortable-shoes-for-women,Comfortable Shoes For Women
fill_empty,,comfortable-shoes-for-women-948602,9257770746106,48995502948602,comfortable-shoes-for-women,Comfortable Shoes For Women
fill_empty,,comfortable-shoes-for-women-981370,9257770746106,48995502981370,comfortable-shoes-for-women,Comfortable Shoes For Women
fill_empty,,comfortable-shoes-for-women-046906,9257770746106,48995503046906,comfortable-shoes-for-women,Comfortable Shoes For Women
fill_empty,,comfortable-slippers-for-women-144058,9257770877178,48995505144058,comfortable-slippers-for-women,Comfortable Slippers For Women
fill_empty,,comfortable-slippers-for-women-176826,9257770877178,48995505176826,comfortable-slippers-for-women,Comfortable Slippers For Women
fill_empty,,comfortable-slippers-for-women-209594,9257770877178,48995505209594,comfortable-slippers-for-women,Comfortable Slippers For Women
fill_empty,,comfortable-slippers-for-women-242362,9257770877178,48995505242362,comfortable-slippers-for-women,Comfortable Slippers For Women
fill_empty,,comfortable-slippers-for-women-275130,9257770877178,48995505275130,comfortable-slippers-for-women,Comfortable Slippers For Women
fill_empty,,comfortable-slippers-for-women-307898,9257770877178,48995505307898,comfortable-slippers-for-women,Comfortable Slippers For Women
fill_empty,,comfortable-slippers-for-women-340666,9257770877178,48995505340666,comfortable-slippers-for-women,Comfortable Slippers For Women
fill_empty,,comfortable-slippers-for-women-373434,9257770877178,48995505373434,comfortable-slippers-for-women,Comfortable Slippers For Women
fill_empty,,comfortable-slippers-for-women-406202,9257770877178,48995505406202,comfortable-slippers-for-women,Comfortable Slippers For Women
fill_empty,,compact-rechargeable-flashlight-led-torc-664890,9257771499770,48995511664890,compact-rechargeable-flashlight-led-torch,Compact Rechargeable Flashlight LED Torch
fill_empty,,cordless-electric-broom-674938,9257772908794,48995522674938,cordless-electric-broom,Cordless Electric Broom
fill_empty,,cozy-ultra-comfort-slippers-833018,9257774416122,48995532833018,cozy-ultra-comfort-slippers,Cozy Ultra-Comfort Slippers
fill_empty,,cozy-ultra-comfort-slippers-865786,9257774416122,48995532865786,cozy-ultra-comfort-slippers,Cozy Ultra-Comfort Slippers
fill_empty,,cozy-ultra-comfort-slippers-898554,9257774416122,48995532898554,cozy-ultra-comfort-slippers,Cozy Ultra-Comfort Slippers
fill_empty,,cozy-ultra-comfort-slippers-931322,9257774416122,48995532931322,cozy-ultra-comfort-slippers,Cozy Ultra-Comfort Slippers
fill_empty,,cozy-ultra-comfort-slippers-964090,9257774416122,48995532964090,cozy-ultra-comfort-slippers,Cozy Ultra-Comfort Slippers
fill_empty,,cozy-ultra-comfort-slippers-029626,9257774416122,48995533029626,cozy-ultra-comfort-slippers,Cozy Ultra-Comfort Slippers
fill_empty,,cozy-ultra-comfort-slippers-062394,9257774416122,48995533062394,cozy-ultra-comfort-slippers,Cozy Ultra-Comfort Slippers
fill_empty,,cozy-ultra-comfort-slippers-095162,9257774416122,48995533095162,cozy-ultra-comfort-slippers,Cozy Ultra-Comfort Slippers
fill_empty,,creative-3d-puzzle-maze-educational-toy--373114,9257774547194,48995534373114,creative-3d-puzzle-maze-educational-toy-for-kids,Creative 3D Puzzle Maze - Educational Toy for Kids
fill_empty,,cuckoo-clock-with-decorative-design-748218,9257775464698,48995537748218,cuckoo-clock-with-decorative-design,Cuckoo Clock with Decorative Design
fill_empty,,cuckoo-clock-with-decorative-design-780986,9257775464698,48995537780986,cuckoo-clock-with-decorative-design,Cuckoo Clock with Decorative Design
fill_empty,,cuckoo-clock-with-decorative-design-813754,9257775464698,48995537813754,cuckoo-clock-with-decorative-design,Cuckoo Clock with Decorative Design
fill_empty,,dental-jet-hydropoulseur-022714,9257776709882,48995545022714,dental-jet-hydropoulseur,Dental Jet Hydropoulseur
fill_empty,,digital-caliper-661114,9257777398010,48995546661114,digital-caliper,Digital Caliper
fill_empty,,digital-caliper-693882,9257777398010,48995546693882,digital-caliper,Digital Caliper
fill_empty,,digital-caliper-726650,9257777398010,48995546726650,digital-caliper,Digital Caliper
fill_empty,,dog-cooling-vest-for-outdoor-activities-395514,9257778872570,48995552395514,dog-cooling-vest-for-outdoor-activities,Dog Cooling Vest for Outdoor Activities
fill_empty,,dog-cooling-vest-for-outdoor-activities-428282,9257778872570,48995552428282,dog-cooling-vest-for-outdoor-activities,Dog Cooling Vest for Outdoor Activities
fill_empty,,dog-cooling-vest-for-outdoor-activities-493818,9257778872570,48995552493818,dog-cooling-vest-for-outdoor-activities,Dog Cooling Vest for Outdoor Activities
fill_empty,,dog-cooling-vest-for-outdoor-activities-526586,9257778872570,48995552526586,dog-cooling-vest-for-outdoor-activities,Dog Cooling Vest for Outdoor Activities
fill_empty,,dog-treat-pouch-753658,9257779691770,48995556753658,dog-treat-pouch,Dog Treat Pouch
fill_empty,,easyfit-adjustable-drain-rack-141114,9257782345978,48995567141114,easyfit-adjustable-drain-rack,Easy Adjustable Drain Rack
fill_empty,,eco-friendly-pet-beds-812282,9257782968570,48995568812282,eco-friendly-pet-beds,Eco Friendly Pet Beds
fill_empty,,eco-friendly-pet-beds-845050,9257782968570,48995568845050,eco-friendly-pet-beds,Eco Friendly Pet Beds
fill_empty,,eco-friendly-pet-beds-877818,9257782968570,48995568877818,eco-friendly-pet-beds,Eco Friendly Pet Beds
fill_empty,,eco-friendly-pet-beds-910586,9257782968570,48995568910586,eco-friendly-pet-beds,Eco Friendly Pet Beds
fill_empty,,eco-friendly-pet-beds-976122,9257782968570,48995568976122,eco-friendly-pet-beds,Eco Friendly Pet Beds
fill_empty,,eco-friendly-pet-beds-008890,9257782968570,48995569008890,eco-friendly-pet-beds,Eco Friendly Pet Beds
fill_empty,,eco-friendly-pet-beds-041658,9257782968570,48995569041658,eco-friendly-pet-beds,Eco Friendly Pet Beds
fill_empty,,eco-friendly-pet-beds-074426,9257782968570,48995569074426,eco-friendly-pet-beds,Eco Friendly Pet Beds
fill_empty,,electric-facial-hair-shaver-1-744442,9257784410362,48995572744442,electric-facial-hair-shaver-1,Electric Facial Hair Shaver
fill_empty,,electric-facial-hair-shaver-1-777210,9257784410362,48995572777210,electric-facial-hair-shaver-1,Electric Facial Hair Shaver
fill_empty,,electric-facial-hair-shaver-1-809978,9257784410362,48995572809978,electric-facial-hair-shaver-1,Electric Facial Hair Shaver
fill_empty,,electric-mosquito-zapper-562490,9257785393402,48995575562490,electric-mosquito-zapper,Electric Mosquito Zapper
fill_empty,,electric-water-gun-463034,9257786376442,48995577463034,electric-water-gun,Electric Water Gun
fill_empty,,electric-water-gun-495802,9257786376442,48995577495802,electric-water-gun,Electric Water Gun
fill_empty,,elegant-leather-boots-trendy-womens-boot-322746,9257787490554,48995593322746,elegant-leather-boots-trendy-womens-boots-for-every-occasion,Elegant leather boots - trendy women's boots for e
fill_empty,,elegant-leather-boots-trendy-womens-boot-355514,9257787490554,48995593355514,elegant-leather-boots-trendy-womens-boots-for-every-occasion,Elegant leather boots - trendy women's boots for e
fill_empty,,elegant-leather-boots-trendy-womens-boot-388282,9257787490554,48995593388282,elegant-leather-boots-trendy-womens-boots-for-every-occasion,Elegant leather boots - trendy women's boots for e
fill_empty,,elegant-leather-boots-trendy-womens-boot-421050,9257787490554,48995593421050,elegant-leather-boots-trendy-womens-boots-for-every-occasion,Elegant leather boots - trendy women's boots for e
fill_empty,,elegant-leather-boots-trendy-womens-boot-453818,9257787490554,48995593453818,elegant-leather-boots-trendy-womens-boots-for-every-occasion,Elegant leather boots - trendy women's boots for e
fill_empty,,elegant-leather-boots-trendy-womens-boot-519354,9257787490554,48995593519354,elegant-leather-boots-trendy-womens-boots-for-every-occasion,Elegant leather boots - trendy women's boots for e
fill_empty,,elegant-leather-boots-trendy-womens-boot-552122,9257787490554,48995593552122,elegant-leather-boots-trendy-womens-boots-for-every-occasion,Elegant leather boots - trendy women's boots for e
fill_empty,,elegant-leather-boots-trendy-womens-boot-584890,9257787490554,48995593584890,elegant-leather-boots-trendy-womens-boots-for-every-occasion,Elegant leather boots - trendy women's boots for e
fill_empty,,elegant-reading-glasses-961146,9257787687162,48995594961146,elegant-reading-glasses,Elegant Reading Glasses
fill_empty,,elegant-reading-glasses-993914,9257787687162,48995594993914,elegant-reading-glasses,Elegant Reading Glasses
fill_empty,,elegant-reading-glasses-026682,9257787687162,48995595026682,elegant-reading-glasses,Elegant Reading Glasses
fill_empty,,elegant-reading-glasses-059450,9257787687162,48995595059450,elegant-reading-glasses,Elegant Reading Glasses
fill_empty,,elegant-reading-glasses-092218,9257787687162,48995595092218,elegant-reading-glasses,Elegant Reading Glasses
fill_empty,,elegant-reading-glasses-124986,9257787687162,48995595124986,elegant-reading-glasses,Elegant Reading Glasses
fill_empty,,elegant-reading-glasses-157754,9257787687162,48995595157754,elegant-reading-glasses,Elegant Reading Glasses
fill_empty,,elegant-reading-glasses-190522,9257787687162,48995595190522,elegant-reading-glasses,Elegant Reading Glasses
fill_empty,,elegant-reading-glasses-223290,9257787687162,48995595223290,elegant-reading-glasses,Elegant Reading Glasses
fill_empty,,elegant-reading-glasses-256058,9257787687162,48995595256058,elegant-reading-glasses,Elegant Reading Glasses
fill_empty,,elegant-wireless-wall-sconces-988154,9257788211450,48995604988154,elegant-wireless-wall-sconces,Elegant Wireless Wall Sconces
fill_empty,,elegant-wireless-wall-sconces-020922,9257788211450,48995605020922,elegant-wireless-wall-sconces,Elegant Wireless Wall Sconces
fill_empty,,elegant-wireless-wall-sconces-053690,9257788211450,48995605053690,elegant-wireless-wall-sconces,Elegant Wireless Wall Sconces
fill_empty,,essential-2-in-1-car-breaker-tool-492026,9257789751546,48995612492026,essential-2-in-1-car-breaker-tool,Essential 2-in-1 Car Breaker Tool
fill_empty,,essential-2-in-1-car-breaker-tool-524794,9257789751546,48995612524794,essential-2-in-1-car-breaker-tool,Essential 2-in-1 Car Breaker Tool
fill_empty,,essential-2-in-1-car-breaker-tool-557562,9257789751546,48995612557562,essential-2-in-1-car-breaker-tool,Essential 2-in-1 Car Breaker Tool
fill_empty,,essential-2-in-1-car-breaker-tool-590330,9257789751546,48995612590330,essential-2-in-1-car-breaker-tool,Essential 2-in-1 Car Breaker Tool
fill_empty,,eye-shadow-stick-947322,9257790767354,48995618947322,eye-shadow-stick,Eye Shadow Stick
fill_empty,,eye-shadow-stick-980090,9257790767354,48995618980090,eye-shadow-stick,Eye Shadow Stick
fill_empty,,eye-shadow-stick-012858,9257790767354,48995619012858,eye-shadow-stick,Eye Shadow Stick
fill_empty,,eye-shadow-stick-045626,9257790767354,48995619045626,eye-shadow-stick,Eye Shadow Stick
fill_empty,,eye-shadow-stick-078394,9257790767354,48995619078394,eye-shadow-stick,Eye Shadow Stick
fill_empty,,face-down-pillow-after-bbl-or-eye-surger-963130,9257790963962,48995619963130,face-down-pillow-after-bbl-or-eye-surgery-stomach-sleeping-pillow,Face Down Pillow After Bbl Or Eye Surgery Stomach 
fill_empty,,floor-protection-mats-561850,9257793028346,48995633561850,floor-protection-mats,Floor Protection Mats
fill_empty,,floor-protection-mats-594618,9257793028346,48995633594618,floor-protection-mats,Floor Protection Mats
fill_empty,,foldable-portable-washing-machine-with-s-409210,9257794666746,48995642409210,foldable-portable-washing-machine-with-spin-dryer-mini-clothes-washer,Foldable Portable Washing Machine with Spin Dryer 
fill_empty,,folding-step-stool-604666,9257795322106,48995644604666,folding-step-stool,Folding Step Stool
fill_empty,,folding-step-stool-637434,9257795322106,48995644637434,folding-step-stool,Folding Step Stool
fill_empty,,folding-step-stool-670202,9257795322106,48995644670202,folding-step-stool,Folding Step Stool
fill_empty,,folding-step-stool-702970,9257795322106,48995644702970,folding-step-stool,Folding Step Stool
fill_empty,,freeze-protection-plant-covers-963962,9257795649786,48995646963962,freeze-protection-plant-covers,Freeze Protection Plant Covers
fill_empty,,freeze-protection-plant-covers-996730,9257795649786,48995646996730,freeze-protection-plant-covers,Freeze Protection Plant Covers
fill_empty,,freeze-protection-plant-covers-029498,9257795649786,48995647029498,freeze-protection-plant-covers,Freeze Protection Plant Covers
fill_empty,,freeze-protection-plant-covers-062266,9257795649786,48995647062266,freeze-protection-plant-covers,Freeze Protection Plant Covers
fill_empty,,freeze-protection-plant-covers-095034,9257795649786,48995647095034,freeze-protection-plant-covers,Freeze Protection Plant Covers
fill_empty,,freeze-protection-plant-covers-127802,9257795649786,48995647127802,freeze-protection-plant-covers,Freeze Protection Plant Covers
fill_empty,,garland-christmas-stocking-holders-for-m-027194,9257796763898,48995651027194,garland-christmas-stocking-holders-for-mantle,Garland Christmas Stocking Holders for Mantle
fill_empty,,garland-christmas-stocking-holders-for-m-059962,9257796763898,48995651059962,garland-christmas-stocking-holders-for-mantle,Garland Christmas Stocking Holders for Mantle
fill_empty,,gas-stove-knob-protector-set-780858,9257796960506,48995651780858,gas-stove-knob-protector-set,Gas Stove Knob Protector Set
fill_empty,,gas-stove-knob-protector-set-813626,9257796960506,48995651813626,gas-stove-knob-protector-set,Gas Stove Knob Protector Set
fill_empty,,french-press-coffee-maker-heat-resistant-009082,9258095542522,48996678009082,french-press-coffee-maker-heat-resistant-glass-450ml,Heat Resistant French Press Coffee Maker
fill_empty,,heavy-duty-adjustable-door-stopper-319802,9258439540986,48998727319802,heavy-duty-adjustable-door-stopper,Heavy Duty Adjustable Door Stopper
fill_empty,,heavy-duty-adjustable-door-stopper-352570,9258439540986,48998727352570,heavy-duty-adjustable-door-stopper,Heavy Duty Adjustable Door Stopper
fill_empty,,heavy-duty-adjustable-door-stopper-385338,9258439540986,48998727385338,heavy-duty-adjustable-door-stopper,Heavy Duty Adjustable Door Stopper
fill_empty,,heavy-duty-adjustable-door-stopper-418106,9258439540986,48998727418106,heavy-duty-adjustable-door-stopper,Heavy Duty Adjustable Door Stopper
fill_empty,,heavy-duty-adjustable-door-stopper-450874,9258439540986,48998727450874,heavy-duty-adjustable-door-stopper,Heavy Duty Adjustable Door Stopper
fill_empty,,heavy-duty-adjustable-door-stopper-483642,9258439540986,48998727483642,heavy-duty-adjustable-door-stopper,Heavy Duty Adjustable Door Stopper
fill_empty,,high-pressure-toilet-plunger-906682,9258470015226,48998789906682,high-pressure-toilet-plunger,High-Pressure Toilet Plunger
fill_empty,,high-quality-wooden-chopping-block-end-g-541626,9258470998266,48998797541626,high-quality-wooden-chopping-block-end-grain-cutting-board-for-kitchens-and-professional-chefs,High-quality Wooden Chopping Block End Grain Cutti
fill_empty,,high-quality-wooden-chopping-block-end-g-574394,9258470998266,48998797574394,high-quality-wooden-chopping-block-end-grain-cutting-board-for-kitchens-and-professional-chefs,High-quality Wooden Chopping Block End Grain Cutti
fill_empty,,al-fresco-google-pixel-10-pro-case-046010,9269977841914,49031117046010,al-fresco-google-pixel-10-pro-case,Al Fresco - Google Pixel 10 Pro Case
fill_empty,,faux-fur-blanket-and-feature-pillow-964026,9269997928698,49031173964026,faux-fur-blanket-and-feature-pillow,Adult Faux Fur Blanket and 2 pillowcases Winter Pr
fill_empty,,faux-fur-blanket-and-feature-pillow-wint-898490,9269997961466,49031173898490,faux-fur-blanket-and-feature-pillow-winter-preorder-4,Adult Faux Fur Blanket and 2 pillowcases Winter Pr
fill_empty,,faux-fur-blanket-and-feature-pillow-wint-996794,9269997994234,49031173996794,faux-fur-blanket-and-feature-pillow-winter-preorder-3,Adult Faux Fur Blanket and 2 Pillowcases Winter Pr
fill_empty,,faux-fur-blanket-and-feature-pillow-wint-931258,9269998027002,49031173931258,faux-fur-blanket-and-feature-pillow-winter-preorder,Adult Faux Fur Blanket and 2 pillowcases Winter Pr
fill_empty,,adult-faux-fur-blanket-and-feature-pillo-029562,9269998059770,49031174029562,adult-faux-fur-blanket-and-feature-pillow-winter-preorder,Adult Faux Fur Black Blanket and 2 pillowcases Win
fill_empty,,adult-faux-fur-blanket-and-feature-pillo-257786,9269998616826,49031176257786,adult-faux-fur-blanket-and-feature-pillow-winter-preorder-5,Adult Faux Fur Blanket and 2 pillowcases Winter Pr
fill_empty,,adult-faux-fur-black-blanket-and-feature-192250,9269998649594,49031176192250,adult-faux-fur-black-blanket-and-feature-pillow-winter-preorder,Adult Faux Fur Purple Blanket and 2 Pillows cases 
fill_empty,,adult-faux-fur-blanket-and-feature-pillo-159482,9269998682362,49031176159482,adult-faux-fur-blanket-and-feature-pillow-winter-preorder-1,Adult Faux Fur Blanket and 2 pillowcases Winter Pr
fill_empty,,blankets-290554,9269998715130,49031176290554,blankets,Baby Blankets Instock
fill_empty,,blankets-323322,9269998715130,49031176323322,blankets,Baby Blankets Instock
fill_empty,,blankets-356090,9269998715130,49031176356090,blankets,Baby Blankets Instock
fill_empty,,blankets-388858,9269998715130,49031176388858,blankets,Baby Blankets Instock
fill_empty,,blankets-421626,9269998715130,49031176421626,blankets,Baby Blankets Instock
fill_empty,,blankets-454394,9269998715130,49031176454394,blankets,Baby Blankets Instock
fill_empty,,blankets-487162,9269998715130,49031176487162,blankets,Baby Blankets Instock
fill_empty,,blankets-519930,9269998715130,49031176519930,blankets,Baby Blankets Instock
fill_empty,,adult-faux-fur-blanket-and-feature-pillo-225018,9269998747898,49031176225018,adult-faux-fur-blanket-and-feature-pillow-winter-preorder-6,Adult Faux Fur Blanket and 2 Pillowcases Winter Pr
fill_empty,,baby-sleeping-sack-634042,9269999206650,49031177634042,baby-sleeping-sack,Baby Sleeping Sack Grow Suit
fill_empty,,baby-sleeping-sack-grow-suit-1-699578,9269999239418,49031177699578,baby-sleeping-sack-grow-suit-1,Baby Sleeping Sack Grow Suit
fill_empty,,bag-set-666810,9269999272186,49031177666810,bag-set,Bag Set
fill_empty,,baby-sleeping-sack-grow-suit-copy-732346,9269999304954,49031177732346,baby-sleeping-sack-grow-suit-copy,Baby Sleeping Sack Grow Suit
fill_empty,,baby-sleeping-sack-grow-suit-765114,9269999370490,49031177765114,baby-sleeping-sack-grow-suit,Baby Sleeping Sack Grow Suit
fill_empty,,bag-set-1-486010,9269999698170,49031178486010,bag-set-1,Bag Set delivered Less Than 10 sets left
fill_empty,,bamboo-muslin-swaddle-wrap-551546,9269999730938,49031178551546,bamboo-muslin-swaddle-wrap,Bamboo Muslin Swaddle Wrap
fill_empty,,bamboo-muslin-swaddle-wrap-1-453242,9269999763706,49031178453242,bamboo-muslin-swaddle-wrap-1,Bamboo Muslin Swaddle Wrap
fill_empty,,bamboo-baby-bodysuit-715386,9269999796474,49031178715386,bamboo-baby-bodysuit,Bamboo Baby Bodysuit
fill_empty,,bamboo-baby-bodysuit-748154,9269999796474,49031178748154,bamboo-baby-bodysuit,Bamboo Baby Bodysuit
fill_empty,,bamboo-baby-bodysuit-780922,9269999796474,49031178780922,bamboo-baby-bodysuit,Bamboo Baby Bodysuit
fill_empty,,bamboo-baby-bodysuit-813690,9269999796474,49031178813690,bamboo-baby-bodysuit,Bamboo Baby Bodysuit
fill_empty,,bamboo-baby-bodysuit-846458,9269999796474,49031178846458,bamboo-baby-bodysuit,Bamboo Baby Bodysuit
fill_empty,,bamboo-baby-bodysuit-879226,9269999796474,49031178879226,bamboo-baby-bodysuit,Bamboo Baby Bodysuit
fill_empty,,bamboo-baby-bodysuit-911994,9269999796474,49031178911994,bamboo-baby-bodysuit,Bamboo Baby Bodysuit
fill_empty,,bamboo-baby-bodysuit-944762,9269999796474,49031178944762,bamboo-baby-bodysuit,Bamboo Baby Bodysuit
fill_empty,,bamboo-baby-bodysuit-977530,9269999796474,49031178977530,bamboo-baby-bodysuit,Bamboo Baby Bodysuit
fill_empty,,bamboo-baby-bodysuit-010298,9269999796474,49031179010298,bamboo-baby-bodysuit,Bamboo Baby Bodysuit
fill_empty,,bamboo-baby-bodysuit-copy-205754,9269999829242,49031181205754,bamboo-baby-bodysuit-copy,Bamboo Baby Onesies
fill_empty,,bamboo-baby-bodysuit-copy-238522,9269999829242,49031181238522,bamboo-baby-bodysuit-copy,Bamboo Baby Onesies
fill_empty,,bamboo-baby-bodysuit-copy-271290,9269999829242,49031181271290,bamboo-baby-bodysuit-copy,Bamboo Baby Onesies
fill_empty,,bamboo-baby-bodysuit-copy-304058,9269999829242,49031181304058,bamboo-baby-bodysuit-copy,Bamboo Baby Onesies
fill_empty,,bamboo-baby-bodysuit-copy-336826,9269999829242,49031181336826,bamboo-baby-bodysuit-copy,Bamboo Baby Onesies
fill_empty,,bamboo-baby-bodysuit-copy-369594,9269999829242,49031181369594,bamboo-baby-bodysuit-copy,Bamboo Baby Onesies
fill_empty,,bamboo-baby-bodysuit-copy-402362,9269999829242,49031181402362,bamboo-baby-bodysuit-copy,Bamboo Baby Onesies
fill_empty,,bamboo-baby-bodysuit-copy-435130,9269999829242,49031181435130,bamboo-baby-bodysuit-copy,Bamboo Baby Onesies
fill_empty,,bamboo-baby-bodysuit-copy-467898,9269999829242,49031181467898,bamboo-baby-bodysuit-copy,Bamboo Baby Onesies
fill_empty,,bamboo-baby-bodysuit-copy-500666,9269999829242,49031181500666,bamboo-baby-bodysuit-copy,Bamboo Baby Onesies
fill_empty,,bamboo-muslin-swaddle-wrap-5-777466,9270000353530,49031184777466,bamboo-muslin-swaddle-wrap-5,Bamboo Muslin Swaddle Wrap
fill_empty,,bamboo-muslin-swaddle-wrap-2-006842,9270000386298,49031185006842,bamboo-muslin-swaddle-wrap-2,Bamboo Muslin Swaddle Wrap
fill_empty,,bamboo-muslin-swaddle-wrap-3-875770,9270000419066,49031184875770,bamboo-muslin-swaddle-wrap-3,Bamboo Muslin Swaddle Wrap
fill_empty,,bamboo-muslin-swaddle-wrap-4-039610,9270000451834,49031185039610,bamboo-muslin-swaddle-wrap-4,Bamboo Muslin Swaddle Wrap
fill_empty,,bamboo-muslin-swaddle-wrap-copy-072378,9270000484602,49031185072378,bamboo-muslin-swaddle-wrap-copy,Bamboo Muslin Swaddle Wrap
fill_empty,,bamboo-muslin-swaddle-wrap-8-924346,9270000976122,49031185924346,bamboo-muslin-swaddle-wrap-8,Bamboo Muslin Swaddle Wrap
fill_empty,,bamboo-muslin-swaddle-wrap-7-022650,9270001008890,49031186022650,bamboo-muslin-swaddle-wrap-7,Bamboo Muslin Swaddle Wrap
fill_empty,,bamboo-muslin-swaddle-wrap-copy-2-957114,9270001041658,49031185957114,bamboo-muslin-swaddle-wrap-copy-2,Bamboo Muslin Swaddle Wrap
fill_empty,,bamboo-muslin-swaddle-wrap-copy-1-989882,9270001074426,49031185989882,bamboo-muslin-swaddle-wrap-copy-1,Bamboo Muslin Swaddle Wrap
fill_empty,,bamboo-muslin-swaddle-wrap-6-055418,9270001107194,49031186055418,bamboo-muslin-swaddle-wrap-6,Bamboo Muslin Swaddle Wrap
fill_empty,,bamboo-muslin-swaddle-wrap-11-300602,9270001598714,49031187300602,bamboo-muslin-swaddle-wrap-11,Bamboo Muslin Swaddle Wrap
fill_empty,,bamboo-muslin-swaddle-wrap-9-235066,9270001631482,49031187235066,bamboo-muslin-swaddle-wrap-9,Bamboo Muslin Swaddle Wrap
fill_empty,,bamboo-smooth-swaddle-wrap-100cm-x-120cm-169530,9270001664250,49031187169530,bamboo-smooth-swaddle-wrap-100cm-x-120cm-copy-1,Bamboo Smooth Swaddle Wrap 100cm x 120cm
fill_empty,,bamboo-muslin-swaddle-wrap-10-136762,9270001697018,49031187136762,bamboo-muslin-swaddle-wrap-10,Bamboo Muslin Swaddle Wrap
fill_empty,,bamboo-smooth-swaddle-wrap-100cm-x-120cm-202298,9270001729786,49031187202298,bamboo-smooth-swaddle-wrap-100cm-x-120cm-copy,Bamboo Smooth Swaddle Wrap 100cm x 120cm
fill_empty,,bamboo-smooth-swaddle-wrap-100cm-x-120cm-054266,9270002221306,49031188054266,bamboo-smooth-swaddle-wrap-100cm-x-120cm-1,Bamboo Smooth Swaddle Wrap 100cm x 120cm
fill_empty,,bamboo-smooth-swaddle-wrap-100cm-x-120cm-988730,9270002254074,49031187988730,bamboo-smooth-swaddle-wrap-100cm-x-120cm-5,Bamboo Smooth Swaddle Wrap 100cm x 120cm
fill_empty,,bamboo-smooth-swaddle-wrap-100cm-x-120cm-742394,9270002516218,49031188742394,bamboo-smooth-swaddle-wrap-100cm-x-120cm-8,Bamboo Smooth Swaddle Wrap 100cm x 120cm
fill_empty,,bamboo-smooth-swaddle-wrap-100cm-x-120cm-807930,9270002548986,49031188807930,bamboo-smooth-swaddle-wrap-100cm-x-120cm-7,Bamboo Smooth Swaddle Wrap 100cm x 120cm
fill_empty,,bamboo-smooth-swaddle-wrap-100cm-x-120cm-709626,9270002581754,49031188709626,bamboo-smooth-swaddle-wrap-100cm-x-120cm-9,Bamboo Smooth Swaddle Wrap 100cm x 120cm
fill_empty,,bamboo-smooth-swaddle-wrap-100cm-x-120cm-840698,9270002614522,49031188840698,bamboo-smooth-swaddle-wrap-100cm-x-120cm-10,Bamboo Smooth Swaddle Wrap 100cm x 120cm
fill_empty,,bamboo-smooth-swaddle-wrap-100cm-x-120cm-775162,9270002647290,49031188775162,bamboo-smooth-swaddle-wrap-100cm-x-120cm-6,Bamboo Smooth Swaddle Wrap 100cm x 120cm
fill_empty,,boys-sale-set-397754,9270002811130,49031189397754,boys-sale-set,Boys Sale Set
fill_empty,,boys-sale-set-430522,9270002811130,49031189430522,boys-sale-set,Boys Sale Set
fill_empty,,bamboo-smooth-swaddle-wrap-100cm-x-120cm-496058,9270002843898,49031189496058,bamboo-smooth-swaddle-wrap-100cm-x-120cm-12,Bamboo Smooth Swaddle Wrap 100cm x 120cm
fill_empty,,bamboo-smooth-swaddle-wrap-100cm-x-120cm-692666,9270002876666,49031189692666,bamboo-smooth-swaddle-wrap-100cm-x-120cm-11,Bamboo Smooth Swaddle Wrap 100cm x 120cm
fill_empty,,beige-bag-set-659898,9270002909434,49031189659898,beige-bag-set,Beige Bag Set
fill_empty,,black-and-white-faux-fur-725434,9270002942202,49031189725434,black-and-white-faux-fur,Black and White Faux Fur Blanket and 2 Pillow Case
fill_empty,,kids-blanket-pillowcase-the-background-b-479098,9270003433722,49031190479098,kids-blanket-pillowcase-the-background-blanket-and-pillows-are-not-included-2,Kids faux fur Blanket & Pillowcase (the background
fill_empty,,capsule-rain-cover-beige-413562,9270003466490,49031190413562,capsule-rain-cover-beige,Capsule Rain Cover (Beige)
fill_empty,,kids-blanket-pillowcase-the-background-b-511866,9270003499258,49031190511866,kids-blanket-pillowcase-the-background-blanket-and-pillows-are-not-included,Kids faux fur Blanket & Pillowcase (the background
fill_empty,,capsule-rain-cover-pink-446330,9270003532026,49031190446330,capsule-rain-cover-pink,Capsule Rain Cover (Pink)
fill_empty,,kids-blanket-pillowcase-the-background-b-331066,9270003958010,49031191331066,kids-blanket-pillowcase-the-background-blanket-and-pillows-are-not-included-5,Kids faux fur Blanket & Pillowcase (the background
fill_empty,,kids-faux-fur-blanket-pillowcase-the-bac-346874,9270004121850,49031192346874,kids-faux-fur-blanket-pillowcase-the-background-blanket-and-pillows-are-not-included-2,Kids faux fur Blanket & Pillowcase (the background
fill_empty,,kids-microfibre-hooded-poncho-towel-183034,9270004154618,49031192183034,kids-microfibre-hooded-poncho-towel,Kids Microfibre Hooded Poncho Towel
fill_empty,,kids-microfibre-hooded-poncho-towel-215802,9270004154618,49031192215802,kids-microfibre-hooded-poncho-towel,Kids Microfibre Hooded Poncho Towel
fill_empty,,kids-microfibre-hooded-poncho-towel-copy-248570,9270004187386,49031192248570,kids-microfibre-hooded-poncho-towel-copy,Kids Microfibre Hooded Poncho Towel
fill_empty,,kids-microfibre-hooded-poncho-towel-copy-281338,9270004187386,49031192281338,kids-microfibre-hooded-poncho-towel-copy,Kids Microfibre Hooded Poncho Towel
fill_empty,,kids-faux-fur-blanket-pillowcase-the-bac-314106,9270004220154,49031192314106,kids-faux-fur-blanket-pillowcase-the-background-blanket-and-pillows-are-not-included-3,Kids faux fur Blanket & Pillowcase (the background
fill_empty,,kids-microfibre-hooded-poncho-towel-copy-379642,9270004252922,49031192379642,kids-microfibre-hooded-poncho-towel-copy-1,Kids Microfibre Hooded Poncho Towel
fill_empty,,kids-microfibre-hooded-poncho-towel-copy-412410,9270004252922,49031192412410,kids-microfibre-hooded-poncho-towel-copy-1,Kids Microfibre Hooded Poncho Towel
fill_empty,,kids-microfibre-hooded-poncho-towel-copy-985274,9270004941050,49031193985274,kids-microfibre-hooded-poncho-towel-copy-2,Kids Microfibre Hooded Poncho Towel
fill_empty,,kids-microfibre-hooded-poncho-towel-copy-018042,9270004941050,49031194018042,kids-microfibre-hooded-poncho-towel-copy-2,Kids Microfibre Hooded Poncho Towel
fill_empty,,kids-microfibre-hooded-poncho-towel-3-181882,9270004973818,49031194181882,kids-microfibre-hooded-poncho-towel-3,Kids Microfibre Hooded Poncho Towel
fill_empty,,kids-microfibre-hooded-poncho-towel-3-214650,9270004973818,49031194214650,kids-microfibre-hooded-poncho-towel-3,Kids Microfibre Hooded Poncho Towel
fill_empty,,kids-microfibre-hooded-poncho-towel-2-280186,9270005006586,49031194280186,kids-microfibre-hooded-poncho-towel-2,Kids Microfibre Hooded Poncho Towel
fill_empty,,kids-microfibre-hooded-poncho-towel-2-312954,9270005006586,49031194312954,kids-microfibre-hooded-poncho-towel-2,Kids Microfibre Hooded Poncho Towel
fill_empty,,kids-microfibre-hooded-poncho-towel-1-050810,9270005039354,49031194050810,kids-microfibre-hooded-poncho-towel-1,Kids Microfibre Hooded Poncho Towel
fill_empty,,kids-microfibre-hooded-poncho-towel-1-083578,9270005039354,49031194083578,kids-microfibre-hooded-poncho-towel-1,Kids Microfibre Hooded Poncho Towel
fill_empty,,kids-microfibre-hooded-poncho-towel-copy-116346,9270005072122,49031194116346,kids-microfibre-hooded-poncho-towel-copy-3,Kids Microfibre Hooded Poncho Towel
fill_empty,,kids-microfibre-hooded-poncho-towel-copy-149114,9270005072122,49031194149114,kids-microfibre-hooded-poncho-towel-copy-3,Kids Microfibre Hooded Poncho Towel
fill_empty,,kids-microfibre-hooded-poncho-towel-7-853050,9270005825786,49031195853050,kids-microfibre-hooded-poncho-towel-7,Kids Microfibre Hooded Poncho Towel
fill_empty,,kids-microfibre-hooded-poncho-towel-7-885818,9270005825786,49031195885818,kids-microfibre-hooded-poncho-towel-7,Kids Microfibre Hooded Poncho Towel
fill_empty,,kids-microfibre-hooded-poncho-towel-4-082426,9270005858554,49031196082426,kids-microfibre-hooded-poncho-towel-4,Kids Microfibre Hooded Poncho Towel
fill_empty,,kids-microfibre-hooded-poncho-towel-4-115194,9270005858554,49031196115194,kids-microfibre-hooded-poncho-towel-4,Kids Microfibre Hooded Poncho Towel
fill_empty,,kids-microfibre-hooded-poncho-towel-6-016890,9270005891322,49031196016890,kids-microfibre-hooded-poncho-towel-6,Kids Microfibre Hooded Poncho Towel
fill_empty,,kids-microfibre-hooded-poncho-towel-6-049658,9270005891322,49031196049658,kids-microfibre-hooded-poncho-towel-6,Kids Microfibre Hooded Poncho Towel
fill_empty,,kids-microfibre-hooded-poncho-towel-5-951354,9270005924090,49031195951354,kids-microfibre-hooded-poncho-towel-5,Kids Microfibre Hooded Poncho Towel
fill_empty,,kids-microfibre-hooded-poncho-towel-5-984122,9270005924090,49031195984122,kids-microfibre-hooded-poncho-towel-5,Kids Microfibre Hooded Poncho Towel
fill_empty,,kids-microfibre-hooded-poncho-towel-copy-147962,9270005989626,49031196147962,kids-microfibre-hooded-poncho-towel-copy-4,Kids Microfibre Hooded Poncho Towel
fill_empty,,kids-microfibre-hooded-poncho-towel-copy-180730,9270005989626,49031196180730,kids-microfibre-hooded-poncho-towel-copy-4,Kids Microfibre Hooded Poncho Towel
fill_empty,,koru-design-bag-set-688058,9270006710522,49031197688058,koru-design-bag-set,Midnight Koru Design Bag Set
fill_empty,,kids-microfibre-hooded-poncho-towel-8-753594,9270006743290,49031197753594,kids-microfibre-hooded-poncho-towel-8,Kids Microfibre Hooded Poncho Towel
fill_empty,,kids-microfibre-hooded-poncho-towel-8-786362,9270006743290,49031197786362,kids-microfibre-hooded-poncho-towel-8,Kids Microfibre Hooded Poncho Towel
fill_empty,,koru-design-bag-set-1-720826,9270006776058,49031197720826,koru-design-bag-set-1,Kura Sand Design Bag Set Less Than 2 sets left
fill_empty,,matariki-blankets-preorder-july-146810,9270006808826,49031198146810,matariki-blankets-preorder-july,Matariki Blankets Preorder Arrives IN July Sometim
fill_empty,,matariki-blankets-preorder-july-179578,9270006808826,49031198179578,matariki-blankets-preorder-july,Matariki Blankets Preorder Arrives IN July Sometim
fill_empty,,matariki-blankets-preorder-july-212346,9270006808826,49031198212346,matariki-blankets-preorder-july,Matariki Blankets Preorder Arrives IN July Sometim
fill_empty,,matariki-blankets-preorder-july-245114,9270006808826,49031198245114,matariki-blankets-preorder-july,Matariki Blankets Preorder Arrives IN July Sometim
fill_empty,,matariki-blankets-preorder-july-277882,9270006808826,49031198277882,matariki-blankets-preorder-july,Matariki Blankets Preorder Arrives IN July Sometim
fill_empty,,matariki-blankets-preorder-july-310650,9270006808826,49031198310650,matariki-blankets-preorder-july,Matariki Blankets Preorder Arrives IN July Sometim
fill_empty,,matariki-blankets-preorder-july-343418,9270006808826,49031198343418,matariki-blankets-preorder-july,Matariki Blankets Preorder Arrives IN July Sometim
fill_empty,,matariki-blankets-preorder-july-376186,9270006808826,49031198376186,matariki-blankets-preorder-july,Matariki Blankets Preorder Arrives IN July Sometim
fill_empty,,matariki-blankets-preorder-july-408954,9270006808826,49031198408954,matariki-blankets-preorder-july,Matariki Blankets Preorder Arrives IN July Sometim
fill_empty,,matariki-blankets-preorder-july-441722,9270006808826,49031198441722,matariki-blankets-preorder-july,Matariki Blankets Preorder Arrives IN July Sometim
fill_empty,,matariki-blankets-819130,9270006841594,49031197819130,matariki-blankets,Matariki Blankets Preorder 4 July
fill_empty,,matariki-blankets-851898,9270006841594,49031197851898,matariki-blankets,Matariki Blankets Preorder 4 July
fill_empty,,matariki-blankets-884666,9270006841594,49031197884666,matariki-blankets,Matariki Blankets Preorder 4 July
fill_empty,,matariki-blankets-917434,9270006841594,49031197917434,matariki-blankets,Matariki Blankets Preorder 4 July
fill_empty,,matariki-blankets-950202,9270006841594,49031197950202,matariki-blankets,Matariki Blankets Preorder 4 July
fill_empty,,matariki-blankets-982970,9270006841594,49031197982970,matariki-blankets,Matariki Blankets Preorder 4 July
fill_empty,,matariki-blankets-015738,9270006841594,49031198015738,matariki-blankets,Matariki Blankets Preorder 4 July
fill_empty,,matariki-blankets-048506,9270006841594,49031198048506,matariki-blankets,Matariki Blankets Preorder 4 July
fill_empty,,matariki-blankets-081274,9270006841594,49031198081274,matariki-blankets,Matariki Blankets Preorder 4 July
fill_empty,,matariki-blankets-114042,9270006841594,49031198114042,matariki-blankets,Matariki Blankets Preorder 4 July
fill_empty,,pink-design-bag-set-preorder-1-949050,9270007660794,49031199949050,pink-design-bag-set-preorder-1,Pink Design Bag Set
fill_empty,,velvet-set-6pcs-bedding-set-arriving-jun-080122,9270007693562,49031200080122,velvet-set-6pcs-bedding-set-arriving-june-they-are-completed-just-waiting-for-sea-shipping,Velvet Quilt 220x240cm
fill_empty,,velvet-set-6pcs-bedding-set-arriving-jun-112890,9270007693562,49031200112890,velvet-set-6pcs-bedding-set-arriving-june-they-are-completed-just-waiting-for-sea-shipping,Velvet Quilt 220x240cm
fill_empty,,pram-set-981818,9270007726330,49031199981818,pram-set,Pram set
fill_empty,,pram-set-014586,9270007726330,49031200014586,pram-set,Pram set
fill_empty,,sale-set-blanket-hooded-towel-bamboo-one-211194,9270007759098,49031200211194,sale-set-blanket-hooded-towel-bamboo-onesie,"Sale Set Blanket, Hooded Towel, Bamboo Onesie"
fill_empty,,sale-set-blanket-hooded-towel-bamboo-one-243962,9270007759098,49031200243962,sale-set-blanket-hooded-towel-bamboo-onesie,"Sale Set Blanket, Hooded Towel, Bamboo Onesie"
fill_empty,,sale-set-blanket-hooded-towel-bamboo-one-276730,9270007759098,49031200276730,sale-set-blanket-hooded-towel-bamboo-onesie,"Sale Set Blanket, Hooded Towel, Bamboo Onesie"
fill_empty,,sale-set-blanket-hooded-towel-bamboo-one-309498,9270007759098,49031200309498,sale-set-blanket-hooded-towel-bamboo-onesie,"Sale Set Blanket, Hooded Towel, Bamboo Onesie"
fill_empty,,sale-set-blanket-hooded-towel-bamboo-one-342266,9270007759098,49031200342266,sale-set-blanket-hooded-towel-bamboo-onesie,"Sale Set Blanket, Hooded Towel, Bamboo Onesie"
fill_empty,,sale-set-blanket-hooded-towel-bamboo-one-375034,9270007759098,49031200375034,sale-set-blanket-hooded-towel-bamboo-onesie,"Sale Set Blanket, Hooded Towel, Bamboo Onesie"
fill_empty,,sale-set-blanket-hooded-towel-bamboo-one-407802,9270007759098,49031200407802,sale-set-blanket-hooded-towel-bamboo-onesie,"Sale Set Blanket, Hooded Towel, Bamboo Onesie"
fill_empty,,sale-set-blanket-hooded-towel-bamboo-one-440570,9270007759098,49031200440570,sale-set-blanket-hooded-towel-bamboo-onesie,"Sale Set Blanket, Hooded Towel, Bamboo Onesie"
fill_empty,,sale-set-blanket-hooded-towel-bamboo-one-473338,9270007759098,49031200473338,sale-set-blanket-hooded-towel-bamboo-onesie,"Sale Set Blanket, Hooded Towel, Bamboo Onesie"
fill_empty,,sale-set-blanket-hooded-towel-bamboo-one-506106,9270007759098,49031200506106,sale-set-blanket-hooded-towel-bamboo-onesie,"Sale Set Blanket, Hooded Towel, Bamboo Onesie"
fill_empty,,velvet-quilt-220x240cm-915130,9270008414458,49031201915130,velvet-quilt-220x240cm,Velvet Quilt 220x240cm
fill_empty,,velvet-quilt-220x240cm-947898,9270008414458,49031201947898,velvet-quilt-220x240cm,Velvet Quilt 220x240cm
fill_empty,,bamboo-smooth-swaddle-wrap-100cm-x-120cm-321530,9270023979258,49031236321530,bamboo-smooth-swaddle-wrap-100cm-x-120cm-4,Bamboo Smooth Swaddle Wrap 100cm x 120cm
fill_empty,,kids-blanket-pillowcase-the-background-b-387066,9270024012026,49031236387066,kids-blanket-pillowcase-the-background-blanket-and-pillows-are-not-included-3,Kids faux fur Blanket & Pillowcase (the background
fill_empty,,bamboo-smooth-swaddle-wrap-100cm-x-120cm-354298,9270024044794,49031236354298,bamboo-smooth-swaddle-wrap-100cm-x-120cm-3,Bamboo Smooth Swaddle Wrap 100cm x 120cm
fill_empty,,bamboo-smooth-swaddle-wrap-100cm-x-120cm-485370,9270024077562,49031236485370,bamboo-smooth-swaddle-wrap-100cm-x-120cm-2,Bamboo Smooth Swaddle Wrap 100cm x 120cm
fill_empty,,kids-blanket-pillowcase-the-background-b-288762,9270024110330,49031236288762,kids-blanket-pillowcase-the-background-blanket-and-pillows-are-not-included-1,Kids faux fur Blanket & Pillowcase (the background
fill_empty,,kids-faux-fur-blanket-pillowcase-the-bac-156538,9270024929530,49031238156538,kids-faux-fur-blanket-pillowcase-the-background-blanket-and-pillows-are-not-included,Kids faux fur Blanket & Pillowcase (the background
fill_empty,,kids-blanket-pillowcase-the-background-b-123770,9270024962298,49031238123770,kids-blanket-pillowcase-the-background-blanket-and-pillows-are-not-included-4,Kids faux fur Blanket & Pillowcase (the background
fill_empty,,kids-faux-fur-blanket-pillowcase-the-bac-091002,9270024995066,49031238091002,kids-faux-fur-blanket-pillowcase-the-background-blanket-and-pillows-are-not-included-1,Kids faux fur Blanket & Pillowcase (the background
fill_empty,,pod-189306,9270025027834,49031238189306,pod,Pod & Pillow
fill_empty,,pod-222074,9270025027834,49031238222074,pod,Pod & Pillow
fill_empty,,pod-254842,9270025027834,49031238254842,pod,Pod & Pillow
fill_empty,,pod-287610,9270025027834,49031238287610,pod,Pod & Pillow
disambiguate,CHC364,CHC364-D-412154,9257724412154,48995297034490,car-heater-150w-300w-12v-ceramic-car-fan-heater,12V Car Heater Fan - 150W/300W Portable Ceramic Au
disambiguate,CHC364,CHC364-D-521338,9257762521338,48995446423802,set-live-oct-2025-car-heater-150w-300w-12v-ceramic-car-fan-heater-copy,Car Heater 150W 300W 12V Ceramic Car Fan Heater
disambiguate,CST888,CST888-D-371002,9257767371002,48995480076538,chicken-shredder-tool,Chicken Shredder Tool
disambiguate,CST888,CST888-D-221818,9257770221818,48995496395002,coffee-scale-with-timer,Coffee Scale With Timer
disambiguate,Air-C GEL,Air-C GEL-D-563130,9269949563130,49031044661498,air-c-care,Air C Care+
disambiguate,Air-C GEL,Air-C GEL-D-251258,9269950251258,49031046136058,air-c-univision,Air C Univision
disambiguate,SAS0012-09NA,SAS0012-09NA-D-218170,9269979218170,49031123599610,kitta-performance-percussive-sports-therapy-massage-gun,Kitta - Performance Percussive Sports Therapy Mass
disambiguate,SAS0012-09NA,SAS0012-09NA-D-283706,9269979283706,49031123894522,kitta-performance-percussive-sports-therapy-massage-gun-by-synca-massage-chair,Kitta - Performance Percussive Sports Therapy Mass
disambiguate,SAS0020-08NA,SAS0020-08NA-D-218170,9269979218170,49031123632378,kitta-performance-percussive-sports-therapy-massage-gun,Kitta - Performance Percussive Sports Therapy Mass
disambiguate,SAS0020-08NA,SAS0020-08NA-D-283706,9269979283706,49031123927290,kitta-performance-percussive-sports-therapy-massage-gun-by-synca-massage-chair,Kitta - Performance Percussive Sports Therapy Mass
disambiguate,XPRESS,XPRESS-D-899898,9270047899898,49031287341306,xpress-knee-massager,Xpress Knee Massager
disambiguate,XPRESS,XPRESS-D-965434,9270047965434,49031287603450,xpress-offer,Xpress - Offer
